Date,Time,"Virtual Memory Committed [MB]","Virtual Memory Available [MB]","Virtual Memory Load [%]","Physical Memory Used [MB]","Physical Memory Available [MB]","Physical Memory Load [%]","Page File Usage [%]","Page File Total [MB]","Page File Used [MB]","Core VIDs (avg) [V]","P-core 0 VID [V]","P-core 1 VID [V]","E-core 2 VID [V]","E-core 3 VID [V]","E-core 4 VID [V]","E-core 5 VID [V]","E-core 6 VID [V]","E-core 7 VID [V]","E-core 8 VID [V]","E-core 9 VID [V]","SA VID [V]","Core Clocks (avg) [MHz]","P-core 0 Clock [MHz]","P-core 1 Clock [MHz]","E-core 2 Clock [MHz]","E-core 3 Clock [MHz]","E-core 4 Clock [MHz]","E-core 5 Clock [MHz]","E-core 6 Clock [MHz]","E-core 7 Clock [MHz]","E-core 8 Clock [MHz]","E-core 9 Clock [MHz]","Bus Clock [MHz]","Ring/LLC Clock [MHz]","Core Effective Clocks (avg) [MHz]","P-core 0 T0 Effective Clock [MHz]","P-core 0 T1 Effective Clock [MHz]","P-core 1 T0 Effective Clock [MHz]","P-core 1 T1 Effective Clock [MHz]","E-core 2 T0 Effective Clock [MHz]","E-core 3 T0 Effective Clock [MHz]","E-core 4 T0 Effective Clock [MHz]","E-core 5 T0 Effective Clock [MHz]","E-core 6 T0 Effective Clock [MHz]","E-core 7 T0 Effective Clock [MHz]","E-core 8 T0 Effective Clock [MHz]","E-core 9 T0 Effective Clock [MHz]","Average Effective Clock [MHz]","Core Usage (avg) [%]","P-core 0 T0 Usage [%]","P-core 0 T1 Usage [%]","P-core 1 T0 Usage [%]","P-core 1 T1 Usage [%]","E-core 2 T0 Usage [%]","E-core 3 T0 Usage [%]","E-core 4 T0 Usage [%]","E-core 5 T0 Usage [%]","E-core 6 T0 Usage [%]","E-core 7 T0 Usage [%]","E-core 8 T0 Usage [%]","E-core 9 T0 Usage [%]","Max CPU/Thread Usage [%]","Total CPU Usage [%]","On-Demand Clock Modulation [%]","Core Utility (avg) [%]","P-core 0 T0 Utility [%]","P-core 0 T1 Utility [%]","P-core 1 T0 Utility [%]","P-core 1 T1 Utility [%]","E-core 2 T0 Utility [%]","E-core 3 T0 Utility [%]","E-core 4 T0 Utility [%]","E-core 5 T0 Utility [%]","E-core 6 T0 Utility [%]","E-core 7 T0 Utility [%]","E-core 8 T0 Utility [%]","E-core 9 T0 Utility [%]","Total CPU Utility [%]","Core Ratios (avg) [x]","P-core 0 Ratio [x]","P-core 1 Ratio [x]","E-core 2 Ratio [x]","E-core 3 Ratio [x]","E-core 4 Ratio [x]","E-core 5 Ratio [x]","E-core 6 Ratio [x]","E-core 7 Ratio [x]","E-core 8 Ratio [x]","E-core 9 Ratio [x]","Uncore Ratio [x]","Core Temperatures (avg) [°C]","P-core 0 [°C]","P-core 1 [°C]","E-core 2 [°C]","E-core 3 [°C]","E-core 4 [°C]","E-core 5 [°C]","E-core 6 [°C]","E-core 7 [°C]","E-core 8 [°C]","E-core 9 [°C]","Core Distance to TjMAX (avg) [°C]","P-core 0 Distance to TjMAX [°C]","P-core 1 Distance to TjMAX [°C]","E-core 2 Distance to TjMAX [°C]","E-core 3 Distance to TjMAX [°C]","E-core 4 Distance to TjMAX [°C]","E-core 5 Distance to TjMAX [°C]","E-core 6 Distance to TjMAX [°C]","E-core 7 Distance to TjMAX [°C]","E-core 8 Distance to TjMAX [°C]","E-core 9 Distance to TjMAX [°C]","CPU Package [°C]","Core Max [°C]","Core Thermal Throttling (avg) [Yes/No]","P-core 0 Thermal Throttling [Yes/No]","P-core 1 Thermal Throttling [Yes/No]","E-core 2 Thermal Throttling [Yes/No]","E-core 3 Thermal Throttling [Yes/No]","E-core 4 Thermal Throttling [Yes/No]","E-core 5 Thermal Throttling [Yes/No]","E-core 6 Thermal Throttling [Yes/No]","E-core 7 Thermal Throttling [Yes/No]","E-core 8 Thermal Throttling [Yes/No]","E-core 9 Thermal Throttling [Yes/No]","Core Critical Temperature (avg) [Yes/No]","P-core 0 Critical Temperature [Yes/No]","P-core 1 Critical Temperature [Yes/No]","E-core 2 Critical Temperature [Yes/No]","E-core 3 Critical Temperature [Yes/No]","E-core 4 Critical Temperature [Yes/No]","E-core 5 Critical Temperature [Yes/No]","E-core 6 Critical Temperature [Yes/No]","E-core 7 Critical Temperature [Yes/No]","E-core 8 Critical Temperature [Yes/No]","E-core 9 Critical Temperature [Yes/No]","Core Power Limit Exceeded (avg) [Yes/No]","P-core 0 Power Limit Exceeded [Yes/No]","P-core 1 Power Limit Exceeded [Yes/No]","E-core 2 Power Limit Exceeded [Yes/No]","E-core 3 Power Limit Exceeded [Yes/No]","E-core 4 Power Limit Exceeded [Yes/No]","E-core 5 Power Limit Exceeded [Yes/No]","E-core 6 Power Limit Exceeded [Yes/No]","E-core 7 Power Limit Exceeded [Yes/No]","E-core 8 Power Limit Exceeded [Yes/No]","E-core 9 Power Limit Exceeded [Yes/No]","Package/Ring Thermal Throttling [Yes/No]","Package/Ring Critical Temperature [Yes/No]","Package/Ring Power Limit Exceeded [Yes/No]","CPU Package [°C]","CPU IA Cores [°C]","CPU GT Cores (Graphics) [°C]","Voltage Offsets (avg) [V]","IA Voltage Offset [V]","GT Voltage Offset [V]","CLR (CBo/LLC/Ring) Voltage Offset [V]","GT Media Voltage Offset [V]","SA Voltage Offset [V]","L2 E-core Voltage Offset [V]","VDDQ TX Voltage [V]","VR VCC Current (SVID IOUT) [A]","CPU Package Power [W]","IA Cores Power [W]","GT Cores Power [W]","System Agent Power [W]","Rest-of-Chip Power [W]","PCH Power [W]","PL1 Power Limit (Static) [W]","PL1 Power Limit (Dynamic) [W]","PL2 Power Limit (Static) [W]","PL2 Power Limit (Dynamic) [W]","Current cTDP Level []","Package C2 Residency [%]","Package C3 Residency [%]","Package C6 Residency [%]","Package C8 Residency [%]","Package C10 Residency [%]","Core C0 Residency (avg) [%]","P-core 0 T0 C0 Residency [%]","P-core 0 T1 C0 Residency [%]","P-core 1 T0 C0 Residency [%]","P-core 1 T1 C0 Residency [%]","E-core 2 T0 C0 Residency [%]","E-core 3 T0 C0 Residency [%]","E-core 4 T0 C0 Residency [%]","E-core 5 T0 C0 Residency [%]","E-core 6 T0 C0 Residency [%]","E-core 7 T0 C0 Residency [%]","E-core 8 T0 C0 Residency [%]","E-core 9 T0 C0 Residency [%]","Core C1 Residency (avg) [%]","P-core 0 C1 Residency [%]","P-core 1 C1 Residency [%]","E-core 2 C1 Residency [%]","E-core 3 C1 Residency [%]","E-core 4 C1 Residency [%]","E-core 5 C1 Residency [%]","E-core 6 C1 Residency [%]","E-core 7 C1 Residency [%]","E-core 8 C1 Residency [%]","E-core 9 C1 Residency [%]","Core C6 Residency (avg) [%]","P-core 0 C6 Residency [%]","P-core 1 C6 Residency [%]","E-core 2 C6 Residency [%]","E-core 3 C6 Residency [%]","E-core 4 C6 Residency [%]","E-core 5 C6 Residency [%]","E-core 6 C6 Residency [%]","E-core 7 C6 Residency [%]","E-core 8 C6 Residency [%]","E-core 9 C6 Residency [%]","Core C7 Residency (avg) [%]","P-core 0 C7 Residency [%]","P-core 1 C7 Residency [%]","Memory Clock [MHz]","Memory Clock Ratio [x]","Tcas [T]","Trcd [T]","Trp [T]","Tras [T]","Trc [T]","Trfc [T]","Command Rate [T]","Gear Mode []","IA Limit Reasons (avg) [Yes/No]","IA: PROCHOT [Yes/No]","IA: Thermal Event [Yes/No]","IA: Residency State Regulation [Yes/No]","IA: Running Average Thermal Limit [Yes/No]","IA: VR Thermal Alert [Yes/No]","IA: VR TDC [Yes/No]","IA: Electrical Design Point/Other (ICCmax PL4 SVID DDR RAPL) [Yes/No]","IA: Package-Level RAPL/PBM PL1 [Yes/No]","IA: Package-Level RAPL/PBM PL2 PL3 [Yes/No]","IA: Max Turbo Limit [Yes/No]","IA: Turbo Attenuation (MCT) [Yes/No]","IA: Thermal Velocity Boost [Yes/No]","GT Limit Reasons (avg) [Yes/No]","GT: PROCHOT [Yes/No]","GT: Thermal Event [Yes/No]","GT: DDR RAPL [Yes/No]","GT: Residency State Regulation [Yes/No]","GT: Running Average Thermal Limit [Yes/No]","GT: VR Thermal Alert [Yes/No]","GT: VR TDC [Yes/No]","GT: Max VR Voltage  ICCmax  PL4 [Yes/No]","GT: Domain-Level PBM PLGT [Yes/No]","GT: Package-Level RAPL/PBM PL1 [Yes/No]","GT: Package-Level RAPL/PBM PL2 PL3 [Yes/No]","GT: Inefficient Operation [Yes/No]","GT: Fuses limit [Yes/No]","Ring Limit Reasons (avg) [Yes/No]","RING: PROCHOT [Yes/No]","RING: Thermal Event [Yes/No]","RING: DDR RAPL [Yes/No]","RING: Residency State Regulation [Yes/No]","RING: Running Average Thermal Limit [Yes/No]","RING: VR Thermal Alert [Yes/No]","RING: VR TDC [Yes/No]","RING: Max VR Voltage  ICCmax  PL4 [Yes/No]","RING: Package-Level RAPL/PBM PL1 [Yes/No]","RING: Package-Level RAPL/PBM PL2 PL3 [Yes/No]","PCH Temperature [°C]","Drive Temperature [°C]","Drive Remaining Life [%]","Drive Available Spare [%]","Drive Failure [Yes/No]","Drive Warning [Yes/No]","Total Host Writes [GB]","Total Host Reads [GB]","Read Activity [%]","Write Activity [%]","Total Activity [%]","Read Rate [MB/s]","Write Rate [MB/s]","Read Total [MB]","Write Total [MB]","GPU Core Temperature [°C]","iGPU VID [V]","IGPU Power [W]","GPU Clock [MHz]","GPU Memory Clock [MHz]","GPU Total Usage [%]","GPU Computing Usage [%]","GPU Media Engine Usage [%]","GPU D3D Utilizations (avg) [%]","GPU D3D Usage [%]","GPU Video Decode 0 Usage [%]","GPU Video Decode 1 Usage [%]","GPU Video Processing 0 Usage [%]","GPU Copy Engine Usage [%]","GPU Memory Usage [%]","GPU Memory Allocated [MB]","GPU Memory Available [MB]","GPU D3D Memory Dynamic [MB]","GPU Throttle Reasons (avg) [Yes/No]","Avg. Power (PL1) [Yes/No]","Burst Power (PL2) [Yes/No]","Current (PL4) [Yes/No]","Thermal [Yes/No]","Power Supply [Yes/No]","Software Limit [Yes/No]","Hardware Limit [Yes/No]","Battery Voltage [V]","Remaining Capacity [Wh]","Charge Level [%]","Charge Rate [W]","Wear Level [%]","Framerate Presented (avg) [FPS]","Framerate Presented (99%) [FPS]","Framerate Presented (1%) [FPS]","Framerate Presented (0.1%) [FPS]","Framerate Presented (1% low) [FPS]","Framerate Presented (0.1% low) [FPS]","Framerate Displayed (avg) [FPS]","Framerate Displayed (99%) [FPS]","Framerate Displayed (1%) [FPS]","Framerate Displayed (0.1%) [FPS]","Framerate Displayed (1% low) [FPS]","Framerate Displayed (0.1% low) [FPS]","Frame Time Presented (avg) [ms]","Frame Time Presented (99%) [ms]","Frame Time Presented (1%) [ms]","Frame Time Presented (0.1%) [ms]","Frame Time Displayed (1% high) [ms]","Frame Time Displayed (0.1% high) [ms]","GPU Busy (avg) [ms]","GPU Wait (avg) [ms]","CPU Busy (avg) [ms]","CPU Wait (avg) [ms]","Animation Error (avg) [ms]","Total DL [MB]","Total UP [MB]","Current DL rate [KB/s]","Current UP rate [KB/s]","Total DL [MB]","Total UP [MB]","Current DL rate [KB/s]","Current UP rate [KB/s]","Total Errors []",
27.7.2026,17:6:55.136,18834,24361,43.6,15246,25389,37.5,20.4,2560,522,1.191,1.260,1.082,1.261,1.181,1.181,1.188,1.268,1.193,1.098,1.198,0.723,3252.0,4090.0,4090.0,3391.7,3391.7,3391.7,3391.7,3391.7,3391.7,1995.1,1995.1,99.8,3491.5,99.0,268.2,129.2,208.5,150.8,53.4,45.8,43.0,19.4,84.8,48.8,81.7,55.0,114.8,5.9,14.0,8.4,9.9,7.6,2.8,3.4,2.9,1.4,6.4,3.6,5.8,4.2,14.0,5.9,100.0,4.3,11.5,5.5,9.0,6.5,2.4,2.0,2.0,0.9,3.7,2.1,3.7,2.7,4.3,32.6,41.0,41.0,34.0,34.0,34.0,34.0,34.0,34.0,20.0,20.0,35.0,54,55,68,52,52,52,52,51,51,51,51,46,45,32,48,48,48,48,49,49,49,49,56,68,No,No,No,No,No,No,No,No,No,No,No,No,No,No,No,No,No,No,No,No,No,No,No,No,No,No,No,No,No,No,No,No,No,No,No,No,56,56,49,0.000,0.000,0.000,0.000,0.000,0.000,0.000,1.200,15.938,5.153,1.767,0.004,2.691,0.373,0.056,55.0,13.0,55.0,13.0,0,33.1,1.2,3.5,3.3,0.0,6.2,14.5,8.5,10.1,8.4,3.0,3.7,3.2,1.7,6.7,3.8,6.2,4.7,0.9,1.8,2.5,1.2,0.3,0.6,0.0,1.1,0.8,0.8,0.1,74.5,0.0,0.0,94.0,94.1,94.1,97.0,89.7,94.0,89.8,92.0,70.4,69.3,71.6,1596.1,16.00,22,22,22,52,68,560,1,2,Yes,No,No,No,No,No,No,No,No,No,Yes,No,No,No,No,No,No,No,No,No,No,No,No,No,No,No,No,Yes,No,No,No,No,No,No,No,Yes,No,No,53.0,47,86.0,100.0,No,No,39866,57821,0.1,0.4,0.5,0.040,0.158,375154,350321,48,0.240,5.152,300.0,1330.0,2.8,1.3,0.0,0.7,3.7,0.0,0.0,0.0,0.0,5.3,1083,19234,1083,No,No,No,No,No,No,No,No,12.327,45.380,98.1,0.000,0.0,44.3,67.5,22.8,20.3,20.1,20.1,44.2,61.1,23.1,20.3,20.0,20.0,22.59,43.80,14.82,14.68,49.77,49.77,0.45,0.00,22.59,0.00,9.23,3348,331,0.5,0.4,0,0,0.0,0.0,0,
27.7.2026,17:6:57.146,18803,24392,43.5,15218,25417,37.4,20.4,2560,522,1.222,1.269,1.187,1.227,1.227,1.212,1.197,1.237,1.227,1.237,1.202,0.888,3531.4,4090.0,4090.0,3391.7,3391.7,3391.7,3391.7,3391.7,3391.7,3391.7,3391.7,99.8,3491.5,218.4,499.9,427.3,429.1,255.6,106.5,146.0,125.7,163.5,167.7,69.2,104.3,126.5,269.2,8.9,16.7,14.3,14.3,10.3,4.8,7.4,6.1,7.7,9.0,3.7,5.7,6.3,16.7,8.9,100.0,9.0,20.0,17.3,17.3,10.6,4.6,6.2,5.4,6.8,7.1,3.2,4.4,5.3,9.0,35.4,41.0,41.0,34.0,34.0,34.0,34.0,34.0,34.0,34.0,34.0,35.0,55,64,66,55,55,55,55,50,50,50,50,45,36,34,45,45,45,45,50,50,50,50,64,66,No,No,No,No,No,No,No,No,No,No,No,No,No,No,No,No,No,No,No,No,No,No,Yes,Yes,Yes,Yes,Yes,Yes,Yes,Yes,Yes,Yes,Yes,No,No,Yes,62,62,50,0.000,0.000,0.000,0.000,0.000,0.000,0.000,1.200,15.938,7.711,4.473,0.023,2.535,0.368,0.056,55.0,13.0,55.0,13.0,0,26.0,1.3,3.6,9.6,0.0,8.8,16.5,14.4,14.5,10.1,4.8,7.4,6.2,7.6,9.0,3.8,5.7,6.2,2.3,2.4,2.7,2.7,3.6,2.6,0.5,3.1,2.2,2.4,0.6,71.9,4.6,0.0,90.6,86.6,88.8,89.7,85.4,91.8,89.8,91.3,64.7,60.3,69.0,1596.1,16.00,22,22,22,52,68,560,1,2,Yes,No,No,No,No,No,No,Yes,No,Yes,Yes,No,No,No,No,No,No,No,No,No,No,No,No,No,No,No,No,Yes,No,No,No,No,No,No,No,Yes,No,No,53.0,47,86.0,100.0,No,No,39866,57821,0.4,0.6,1.0,1.075,2.666,375156,350326,48,0.240,7.713,300.0,1596.0,3.6,3.0,0.0,0.8,3.9,0.0,0.0,0.0,0.0,5.3,1082,19235,1082,No,No,No,No,No,No,No,No,12.328,45.380,98.1,0.000,0.0,10.8,69.7,1.1,1.0,1.0,1.0,10.8,62.2,1.1,1.0,1.0,1.0,92.72,910.09,14.35,14.19,1049.49,1049.49,0.52,0.92,92.72,0.00,150.61,3348,331,0.1,0.3,0,0,0.0,0.0,0,
27.7.2026,17:6:59.164,18857,24337,43.6,15267,25368,37.5,20.4,2560,522,1.176,1.204,1.087,1.219,1.229,1.204,1.184,1.164,1.194,1.184,1.089,0.888,3142.3,4090.0,4090.0,3391.7,3391.7,2094.9,3391.7,2094.9,3391.7,3391.7,2094.9,99.8,3491.5,163.8,441.4,271.4,295.6,334.7,100.2,83.8,70.6,67.5,130.6,76.4,42.9,50.5,208.1,7.4,18.8,9.7,12.4,10.4,5.8,5.1,4.6,4.5,6.9,4.4,2.8,3.1,18.8,7.4,100.0,6.9,17.9,11.1,12.3,13.5,4.6,3.9,3.3,3.1,5.6,3.3,2.0,2.2,6.9,31.5,41.0,41.0,34.0,34.0,21.0,34.0,21.0,34.0,34.0,21.0,35.0,54,58,57,52,52,54,54,53,53,53,55,46,42,43,48,48,46,46,47,47,47,45,58,58,No,No,No,No,No,No,No,No,No,No,No,No,No,No,No,No,No,No,No,No,No,No,Yes,Yes,Yes,Yes,Yes,Yes,Yes,Yes,Yes,Yes,Yes,No,No,Yes,56,56,49,0.000,0.000,0.000,0.000,0.000,0.000,0.000,1.200,19.375,7.711,4.473,0.023,2.535,0.368,0.056,55.0,13.0,55.0,13.0,0,22.9,1.0,3.1,1.3,0.0,7.6,18.9,10.4,12.5,10.6,5.9,5.4,4.8,4.6,7.1,4.6,2.8,3.3,1.4,1.5,1.6,2.7,1.6,0.9,0.8,2.0,0.7,1.0,1.0,73.1,0.0,2.0,88.5,89.3,91.3,91.8,88.4,92.1,94.0,93.3,65.9,65.1,66.6,1330.1,13.33,19,19,19,43,68,467,2,1,Yes,No,No,No,No,No,No,Yes,No,Yes,Yes,No,No,No,No,No,No,No,No,No,No,No,No,No,No,No,No,Yes,No,No,No,No,No,No,No,Yes,No,No,53.0,46,86.0,100.0,No,No,39866,57821,0.6,0.2,0.8,1.113,0.894,375158,350328,50,0.237,6.841,300.0,1596.0,2.3,1.7,0.0,0.5,2.5,0.0,0.0,0.0,0.0,5.4,1095,19221,1096,No,No,No,No,No,No,No,No,12.327,45.380,98.1,0.000,0.0,18.6,63.9,3.2,3.1,3.1,3.1,18.7,60.6,3.3,3.2,3.2,3.2,53.67,313.75,15.64,15.61,323.04,323.04,0.52,0.00,53.67,0.00,40.19,3348,331,0.0,0.0,0,0,0.0,0.0,0,
27.7.2026,17:7:1.172,18858,24337,43.6,15268,25367,37.5,20.4,2560,522,1.238,1.241,1.203,1.198,1.279,1.279,1.279,1.284,1.208,1.208,1.203,0.888,3092.4,4090.0,4090.0,3491.5,1895.4,1895.4,1895.4,3391.7,3391.7,3391.7,3391.7,99.8,3491.5,175.9,405.3,196.0,499.2,181.5,89.9,90.8,149.0,93.0,112.0,102.2,81.6,110.4,213.1,8.2,17.4,7.7,18.8,7.0,4.8,4.9,8.1,5.4,6.8,5.6,4.7,7.5,18.8,8.2,100.0,7.5,16.8,8.0,20.0,7.5,4.3,4.0,6.8,4.3,4.8,4.6,3.7,4.9,7.4,31.0,41.0,41.0,35.0,19.0,19.0,19.0,34.0,34.0,34.0,34.0,35.0,57,60,57,59,62,62,62,51,51,51,51,43,40,43,41,38,38,38,49,49,49,49,60,62,No,No,No,No,No,No,No,No,No,No,No,No,No,No,No,No,No,No,No,No,No,No,Yes,Yes,Yes,Yes,Yes,Yes,Yes,Yes,Yes,Yes,Yes,No,No,Yes,60,60,49,0.000,0.000,0.000,0.000,0.000,0.000,0.000,1.200,23.125,7.268,3.658,0.008,2.882,0.371,0.056,55.0,13.0,55.0,13.0,0,22.4,1.7,4.0,3.2,0.0,8.3,17.7,7.0,19.0,7.2,5.0,5.4,8.3,5.7,6.8,5.8,4.9,7.4,1.6,2.6,1.3,0.9,1.0,0.9,2.5,1.6,2.1,1.7,1.5,71.7,2.2,0.5,91.1,90.5,87.1,88.2,89.2,89.2,90.5,88.9,65.5,64.4,66.6,1330.1,13.33,19,19,19,43,68,467,2,1,Yes,No,No,No,No,No,No,Yes,No,Yes,Yes,No,No,No,No,No,No,No,No,No,No,No,No,No,No,No,No,Yes,No,No,No,No,No,No,No,Yes,No,No,53.0,46,86.0,100.0,No,No,39866,57821,0.0,0.5,0.5,0.065,0.260,375159,350328,48,0.237,7.290,300.0,1330.0,1.8,1.4,0.0,0.4,2.0,0.0,0.0,0.0,0.0,5.4,1096,19221,1098,No,No,No,No,No,No,No,No,12.328,45.380,98.1,0.000,0.0,5.3,25.0,2.6,2.5,2.5,2.5,5.3,27.6,2.5,2.5,2.5,2.5,187.82,389.58,40.08,37.42,395.98,395.98,0.80,0.00,187.57,0.25,172.79,3348,331,0.0,0.0,0,0,0.0,0.0,0,
27.7.2026,17:7:3.178,18805,24389,43.5,15218,25417,37.4,20.4,2560,522,1.168,1.267,1.266,1.211,1.182,0.959,1.099,1.194,1.099,1.209,1.199,0.888,2843.0,4090.0,4688.5,1895.4,1895.4,1895.4,1895.4,3391.7,1895.4,3391.7,3391.7,99.8,3491.5,96.5,208.7,90.2,206.4,82.3,69.4,54.9,88.2,113.8,60.9,48.2,65.9,69.2,114.2,4.7,8.6,3.6,7.8,4.1,3.9,3.5,4.6,6.3,3.9,2.9,3.4,3.6,8.6,4.7,100.0,7.5,16.8,8.0,20.0,7.5,4.3,4.0,6.8,4.3,4.8,4.6,3.7,4.9,7.4,28.5,41.0,47.0,19.0,19.0,19.0,19.0,34.0,19.0,34.0,34.0,35.0,53,58,53,54,54,55,55,50,50,50,50,47,42,47,46,46,45,45,50,50,50,50,58,58,No,No,No,No,No,No,No,No,No,No,No,No,No,No,No,No,No,No,No,No,No,No,Yes,Yes,Yes,Yes,Yes,Yes,Yes,Yes,Yes,Yes,Yes,No,No,Yes,58,58,49,0.000,0.000,0.000,0.000,0.000,0.000,0.000,1.200,14.063,4.613,1.878,0.005,2.192,0.283,0.057,55.0,13.0,55.0,13.0,0,30.0,2.8,7.2,18.4,0.0,5.1,8.9,3.8,8.1,4.4,4.3,3.5,5.3,6.8,4.2,3.1,4.4,4.7,1.3,1.1,1.0,1.4,1.0,1.0,1.0,1.4,1.9,1.3,2.1,73.9,2.2,0.0,92.3,93.4,91.2,89.7,92.8,93.5,92.7,91.0,81.2,80.9,81.4,1596.1,16.00,22,22,22,52,68,560,1,2,Yes,No,No,No,No,No,No,No,No,Yes,Yes,No,No,No,No,No,No,No,No,No,No,No,No,No,No,No,No,Yes,No,No,No,No,No,No,No,Yes,No,No,53.0,46,86.0,100.0,No,No,39866,57821,0.0,0.3,0.3,0.000,0.042,375159,350328,48,0.240,4.613,300.0,1330.0,1.0,0.7,0.0,0.2,1.1,0.0,0.0,0.0,0.0,5.4,1096,19221,1098,No,No,No,No,No,No,No,No,12.328,45.380,98.1,0.000,0.0,6.6,312.8,2.7,2.6,2.6,2.6,6.7,54.4,2.7,2.6,2.6,2.6,151.49,371.19,3.20,0.76,378.46,378.46,0.32,0.00,151.49,0.00,203.02,3348,331,0.1,0.2,0,0,0.0,0.0,0,
27.7.2026,17:7:5.188,18803,24392,43.5,15215,25419,37.4,20.4,2560,522,1.217,1.264,1.255,0.865,1.097,1.292,1.282,1.277,1.272,1.271,1.291,0.671,2803.1,4090.0,4688.5,1995.1,2094.9,3391.7,3391.7,2094.9,2094.9,2094.9,2094.9,99.8,3491.5,78.3,157.4,50.3,135.9,46.7,38.0,67.6,82.0,75.7,103.0,76.1,50.2,57.4,81.7,4.5,7.3,2.4,6.0,2.2,2.7,4.1,5.3,5.3,6.7,4.4,3.5,4.6,7.3,4.5,100.0,3.4,6.4,2.1,5.6,2.0,1.7,2.9,3.8,3.5,4.6,3.3,2.4,2.6,3.5,28.1,41.0,47.0,20.0,21.0,34.0,34.0,21.0,21.0,21.0,21.0,35.0,55,57,56,56,59,59,59,50,50,50,50,45,43,44,44,41,41,41,50,50,50,50,57,59,No,No,No,No,No,No,No,No,No,No,No,No,No,No,No,No,No,No,No,No,No,No,Yes,Yes,Yes,Yes,Yes,Yes,Yes,Yes,Yes,Yes,Yes,No,No,Yes,57,57,48,0.000,0.000,0.000,0.000,0.000,0.000,0.000,1.200,15.625,4.613,1.878,0.005,2.192,0.283,0.057,55.0,13.0,55.0,13.0,0,28.9,2.2,5.6,24.7,0.0,4.5,7.4,2.5,6.1,2.4,2.7,4.5,5.1,5.2,6.9,4.6,3.0,4.1,0.5,0.7,1.2,0.0,0.0,0.3,0.0,0.7,0.8,1.0,0.5,74.8,2.0,0.0,96.0,93.4,92.4,92.5,90.5,93.0,94.3,93.8,85.7,84.5,86.9,1330.1,13.33,19,19,19,43,68,467,2,1,Yes,No,No,No,No,No,No,No,No,Yes,Yes,No,No,No,No,No,No,No,No,No,No,No,No,No,No,No,No,Yes,No,No,No,No,No,No,No,Yes,No,No,53.0,45,86.0,100.0,No,No,39866,57821,0.0,0.1,0.1,0.000,0.016,375159,350328,48,0.237,3.816,300.0,1596.0,0.4,0.1,0.0,0.1,0.4,0.0,0.0,0.0,0.0,5.3,1084,19233,1084,No,No,No,No,No,No,No,No,12.328,45.380,98.1,0.000,0.0,3.0,5.9,2.2,2.2,2.2,2.2,3.1,6.5,2.2,2.1,2.1,2.1,327.98,449.97,169.71,166.09,451.67,451.67,0.36,0.00,327.98,0.00,216.82,3348,331,0.1,0.1,0,0,0.0,0.0,0,
27.7.2026,17:7:7.203,18799,24396,43.5,15213,25422,37.4,20.4,2560,522,1.036,1.070,1.030,1.040,1.015,1.010,1.010,1.011,1.041,1.066,1.066,0.888,2843.0,4090.0,3790.7,2892.9,2194.6,2194.6,2194.6,2194.6,2892.9,2992.7,2992.7,99.8,3491.5,88.5,206.8,52.2,169.6,56.8,50.9,108.2,80.0,66.2,65.9,54.0,94.9,56.1,98.8,4.4,8.2,1.2,6.6,3.1,2.3,5.9,4.7,4.6,3.9,3.1,6.0,3.2,8.2,4.4,100.0,3.7,8.1,2.2,6.6,2.4,2.2,5.0,3.6,2.9,2.7,2.6,4.2,2.5,3.8,28.5,41.0,38.0,29.0,22.0,22.0,22.0,22.0,29.0,30.0,30.0,35.0,54,67,64,51,51,51,51,51,51,51,52,46,33,36,49,49,49,49,49,49,49,48,67,67,No,No,No,No,No,No,No,No,No,No,No,No,No,No,No,No,No,No,No,No,No,No,No,No,No,No,No,No,No,No,No,No,No,No,No,No,59,59,48,0.000,0.000,0.000,0.000,0.000,0.000,0.000,1.200,22.188,3.816,1.268,0.001,2.053,0.259,0.057,55.0,13.0,55.0,13.0,0,29.0,4.0,4.0,25.5,0.0,4.8,8.3,2.8,6.9,3.2,3.1,6.6,4.9,4.6,4.2,3.2,6.1,3.3,0.7,0.6,0.9,0.5,0.2,0.5,0.7,1.1,0.7,0.7,1.3,74.7,2.5,0.0,95.0,90.7,92.5,92.8,93.3,94.5,91.0,94.1,84.5,82.6,86.4,1330.1,13.33,19,19,19,43,68,467,2,1,Yes,No,No,No,No,No,No,No,No,No,Yes,No,No,No,No,No,No,No,No,No,No,No,No,No,No,No,No,Yes,No,No,No,No,No,No,No,Yes,No,No,53.0,44,86.0,100.0,No,No,39866,57821,0.0,0.5,0.5,0.000,0.089,375159,350328,48,0.240,3.891,300.0,1330.0,0.3,0.1,0.0,0.1,0.4,0.0,0.0,0.0,0.0,5.3,1074,19243,1074,No,No,No,No,No,No,No,No,12.328,45.380,98.1,0.000,0.0,7.4,356.5,3.5,3.4,3.4,3.4,7.3,53.0,3.6,3.5,3.5,3.5,134.83,288.69,2.80,0.69,292.43,292.43,0.33,0.00,134.83,0.00,227.95,3348,331,0.3,0.4,0,0,0.0,0.0,0,
27.7.2026,17:7:9.205,18795,24399,43.5,15210,25424,37.4,20.4,2560,522,1.048,1.065,1.006,1.062,1.072,1.032,1.037,1.032,1.047,1.062,1.067,0.888,2563.7,3890.5,3691.0,2892.9,2892.9,1895.4,2793.2,1895.4,1895.4,1895.4,1895.4,99.8,3291.9,56.6,97.4,34.1,122.1,27.5,46.7,62.6,37.3,33.5,64.9,27.8,32.4,92.4,57.7,3.9,6.2,3.6,6.5,1.8,3.8,5.1,2.4,2.3,5.1,1.8,2.2,5.9,6.5,3.9,100.0,2.4,4.1,1.4,5.1,1.3,2.0,2.8,1.7,1.6,2.8,1.3,1.3,3.7,2.4,25.7,39.0,37.0,29.0,29.0,19.0,28.0,19.0,19.0,19.0,19.0,33.0,50,52,52,48,48,48,48,52,52,52,52,50,48,48,52,52,52,52,48,48,48,48,54,52,No,No,No,No,No,No,No,No,No,No,No,No,No,No,No,No,No,No,No,No,No,No,No,No,No,No,No,No,No,No,No,No,No,No,No,No,52,52,48,0.000,0.000,0.000,0.000,0.000,0.000,0.000,1.200,13.125,4.003,1.485,0.001,2.035,0.256,0.057,55.0,13.0,55.0,13.0,0,30.2,1.8,6.7,24.9,0.0,3.9,6.1,2.5,6.3,2.3,3.5,4.8,3.0,2.8,4.8,2.3,2.4,5.9,0.1,0.1,0.5,0.0,0.0,0.0,0.0,0.0,0.0,0.0,0.0,76.0,2.0,0.0,95.1,92.9,95.3,95.4,93.6,96.4,96.2,92.8,87.0,86.6,87.5,1330.1,13.33,19,19,19,43,68,467,2,1,Yes,No,No,No,No,No,No,No,No,No,Yes,No,No,No,No,No,No,No,No,No,No,No,No,No,No,No,No,Yes,No,No,No,No,No,No,No,Yes,No,No,51.0,45,86.0,100.0,No,No,39866,57821,0.0,0.1,0.1,0.000,0.002,375159,350328,48,0.240,3.373,300.0,1330.0,0.3,0.1,0.0,0.1,0.4,0.0,0.0,0.0,0.0,5.3,1074,19243,1074,No,No,No,No,No,No,No,No,12.328,45.380,98.1,0.000,0.0,3.3,4.3,2.6,2.6,2.6,2.6,3.2,4.3,2.6,2.6,2.6,2.6,305.39,377.70,233.08,231.75,379.17,379.17,0.38,0.00,305.39,0.00,118.27,3348,331,0.3,0.3,0,0,0.0,0.0,0,
27.7.2026,17:7:11.208,18782,24413,43.4,15188,25447,37.3,20.4,2560,522,0.962,1.098,0.989,1.048,1.048,1.073,0.863,0.863,0.868,0.879,0.889,0.888,2264.5,3890.5,3591.2,1895.4,1895.4,1895.4,1895.4,1895.4,1895.4,1895.4,1895.4,99.8,3291.9,63.1,132.1,25.7,119.3,48.2,70.1,50.8,63.4,63.0,67.5,30.7,39.7,46.6,71.6,4.3,6.6,2.4,6.6,4.1,4.6,4.0,5.0,5.3,4.8,2.7,2.4,2.7,6.6,4.3,100.0,2.8,5.4,1.1,5.2,2.1,3.1,2.2,2.9,2.9,2.9,1.4,1.7,1.9,2.8,22.7,39.0,36.0,19.0,19.0,19.0,19.0,19.0,19.0,19.0,19.0,33.0,52,53,50,51,51,51,51,52,52,52,52,48,47,50,49,49,49,49,48,48,48,48,53,53,No,No,No,No,No,No,No,No,No,No,No,No,No,No,No,No,No,No,No,No,No,No,No,No,No,No,No,No,No,No,No,No,No,No,No,No,53,53,47,0.000,0.000,0.000,0.000,0.000,0.000,0.000,1.200,15.313,3.401,0.826,0.001,2.084,0.258,0.057,55.0,13.0,55.0,13.0,0,30.0,3.4,5.5,23.6,0.0,4.1,7.0,1.9,6.9,3.6,4.1,3.6,4.6,4.8,5.0,2.2,2.7,3.1,0.6,0.0,0.5,1.0,0.1,1.7,2.2,0.5,0.0,0.1,0.3,75.3,2.6,0.0,93.2,94.6,91.6,90.6,93.0,96.5,95.9,95.2,84.7,85.5,83.9,1064.1,10.67,15,15,15,35,68,374,1,2,No,No,No,No,No,No,No,No,No,No,No,No,No,No,No,No,No,No,No,No,No,No,No,No,No,No,No,No,No,No,No,No,No,No,No,No,No,No,51.0,44,86.0,100.0,No,No,39866,57821,0.0,0.2,0.2,0.000,0.012,375159,350328,48,0.240,3.422,300.0,1330.0,0.4,0.1,0.0,0.1,0.5,0.0,0.0,0.0,0.0,5.3,1074,19243,1074,No,No,No,No,No,No,No,No,12.328,45.380,98.1,0.000,0.0,2.9,8.6,1.9,1.9,1.9,1.9,2.9,8.1,1.9,1.9,1.9,1.9,350.89,521.60,115.47,109.88,523.68,523.68,0.52,0.00,350.46,0.42,406.42,3348,331,0.2,0.2,0,0,0.0,0.0,0,
27.7.2026,17:7:13.209,18805,24389,43.5,15198,25436,37.4,20.4,2560,522,1.038,1.084,1.018,1.045,1.067,1.077,1.067,1.067,0.867,1.047,1.042,0.711,2444.0,3890.5,3790.7,2094.9,2094.9,2094.9,2094.9,2094.9,2094.9,2094.9,2094.9,99.8,3291.9,93.2,139.8,33.7,109.1,43.8,120.4,115.4,81.9,113.6,117.2,96.1,82.9,64.1,94.7,5.9,7.7,2.6,5.8,2.4,7.3,6.9,5.5,7.0,8.2,6.5,5.9,4.8,8.2,5.9,100.0,4.0,5.8,1.5,4.3,2.0,5.2,5.0,3.8,4.7,5.0,4.1,4.0,3.0,4.0,24.5,39.0,38.0,21.0,21.0,21.0,21.0,21.0,21.0,21.0,21.0,33.0,50,53,49,52,52,52,52,47,47,47,47,50,47,51,48,48,48,48,53,53,53,53,53,53,No,No,No,No,No,No,No,No,No,No,No,No,No,No,No,No,No,No,No,No,No,No,No,No,No,No,No,No,No,No,No,No,No,No,No,No,52,49,47,0.000,0.000,0.000,0.000,0.000,0.000,0.000,1.200,10.000,3.401,0.826,0.001,2.084,0.258,0.057,55.0,13.0,55.0,13.0,0,26.9,5.6,5.2,17.1,0.0,6.0,7.6,2.5,6.0,3.2,7.3,7.3,5.6,7.3,8.2,6.5,5.7,4.4,0.2,0.1,0.5,0.0,0.0,0.2,0.6,0.3,0.0,0.4,0.3,73.1,2.9,0.0,90.6,89.7,91.7,89.9,89.5,91.8,91.1,93.9,85.0,83.4,86.5,1064.1,10.67,15,15,15,35,68,374,1,2,No,No,No,No,No,No,No,No,No,No,No,No,No,No,No,No,No,No,No,No,No,No,No,No,No,No,No,No,No,No,No,No,No,No,No,No,No,No,51.0,44,86.0,100.0,No,No,39866,57821,0.0,0.5,0.6,0.008,0.163,375159,350329,47,0.240,3.910,300.0,1064.0,0.4,0.1,0.0,0.1,0.5,0.0,0.0,0.0,0.0,5.3,1074,19243,1074,No,No,No,No,No,No,No,No,12.329,45.380,98.1,0.000,0.0,3.3,5.0,2.5,2.5,2.5,2.5,3.3,4.9,2.5,2.5,2.5,2.5,304.94,398.41,200.82,198.70,400.09,400.09,0.37,0.00,304.94,0.00,116.99,3348,331,1.1,0.6,0,0,0.0,0.0,0,
27.7.2026,17:7:15.228,18805,24389,43.5,15195,25439,37.3,20.4,2560,522,1.057,1.168,1.024,1.049,1.059,1.054,1.059,0.997,1.007,1.072,1.077,0.723,2583.7,3890.5,3790.7,1895.4,1895.4,2892.9,2892.9,1895.4,1895.4,1895.4,2892.9,99.8,3291.9,78.6,127.3,35.1,100.5,39.4,70.6,58.0,49.1,52.4,154.2,68.2,53.5,135.4,66.6,4.7,6.8,2.0,5.1,2.7,4.1,3.9,3.3,3.8,9.4,4.1,3.1,8.6,9.4,4.7,100.0,3.5,5.5,1.5,4.4,1.7,3.2,3.0,2.3,2.6,6.3,3.3,2.5,5.6,3.5,25.9,39.0,38.0,19.0,19.0,29.0,29.0,19.0,19.0,19.0,29.0,33.0,49,53,50,48,48,47,47,49,49,49,49,51,47,50,52,52,53,53,51,51,51,51,53,53,No,No,No,No,No,No,No,No,No,No,No,No,No,No,No,No,No,No,No,No,No,No,No,No,No,No,No,No,No,No,No,No,No,No,No,No,53,53,47,0.000,0.000,0.000,0.000,0.000,0.000,0.000,1.200,7.500,3.911,1.044,0.001,2.327,0.278,0.056,55.0,13.0,55.0,13.0,0,25.7,5.1,3.6,20.7,0.0,5.1,7.3,2.4,5.4,2.5,4.5,4.0,3.8,4.0,10.0,4.6,3.6,9.0,0.9,0.2,1.2,0.6,0.0,0.9,0.8,1.0,1.4,1.3,2.0,73.4,1.6,0.0,93.2,94.3,93.0,93.2,87.3,91.4,93.3,87.0,86.4,85.4,87.4,1064.1,10.67,15,15,15,35,68,374,1,2,No,No,No,No,No,No,No,No,No,No,No,No,No,No,No,No,No,No,No,No,No,No,No,No,No,No,No,No,No,No,No,No,No,No,No,No,No,No,52.0,44,86.0,100.0,No,No,39866,57821,0.0,0.8,0.8,0.000,0.153,375159,350329,47,0.240,3.697,300.0,1064.0,0.3,0.1,0.0,0.1,0.4,0.0,0.0,0.0,0.0,5.3,1074,19243,1074,No,No,No,No,No,No,No,No,12.328,45.380,98.1,0.000,0.0,3.2,7.3,2.0,2.0,2.0,2.0,3.2,7.3,2.0,2.0,2.0,2.0,315.01,492.54,137.47,134.21,496.16,496.16,0.51,0.00,314.63,0.37,420.39,3348,331,1.5,1.2,0,0,0.0,0.0,0,
27.7.2026,17:7:17.239,18787,24407,43.4,15185,25449,37.3,20.4,2560,522,0.946,1.127,1.007,0.872,0.872,0.872,0.870,0.875,1.055,1.055,0.858,0.723,2275.0,3891.4,3691.9,1895.8,1895.8,1895.8,1895.8,1895.8,1895.8,1895.8,1895.8,99.8,3292.7,67.8,107.4,55.7,99.5,36.4,44.3,45.3,54.8,90.2,100.9,33.3,62.7,83.3,66.7,4.1,5.9,3.5,4.9,2.0,3.2,3.0,3.3,5.8,5.8,2.3,4.1,5.2,5.9,4.1,100.0,3.0,4.3,2.4,4.0,1.6,2.1,2.0,2.6,4.1,4.5,1.5,3.0,3.4,2.9,22.8,39.0,37.0,19.0,19.0,19.0,19.0,19.0,19.0,19.0,19.0,33.0,50,53,49,47,47,47,47,51,51,51,52,50,47,51,53,53,53,53,49,49,49,48,53,53,No,No,No,No,No,No,No,No,No,No,No,No,No,No,No,No,No,No,No,No,No,No,No,No,No,No,No,No,No,No,No,No,No,No,No,No,52,48,48,0.000,0.000,0.000,0.000,0.000,0.000,0.000,1.200,13.125,3.696,0.962,0.001,2.210,0.272,0.056,55.0,13.0,55.0,13.0,0,28.9,5.6,4.1,24.2,0.0,4.5,6.4,3.8,5.4,2.3,3.6,3.3,3.7,6.1,6.2,2.6,4.5,6.0,0.3,0.0,0.3,0.5,0.0,0.0,0.0,0.5,0.8,0.8,0.4,74.6,0.0,0.0,93.5,95.1,94.4,91.5,91.6,95.2,92.7,91.9,87.5,86.2,88.8,1330.4,13.33,19,19,19,43,68,467,2,1,No,No,No,No,No,No,No,No,No,No,No,No,No,No,No,No,No,No,No,No,No,No,No,No,No,No,No,No,No,No,No,No,No,No,No,No,No,No,52.0,44,86.0,100.0,No,No,39866,57821,0.0,0.6,0.6,0.000,0.052,375159,350329,47,0.232,3.337,300.0,1064.0,0.3,0.1,0.0,0.1,0.4,0.0,0.0,0.0,0.0,5.3,1074,19243,1074,No,No,No,No,No,No,No,No,12.327,45.380,98.1,0.000,0.0,3.6,5.4,2.7,2.7,2.7,2.7,3.6,5.4,2.7,2.7,2.7,2.7,275.30,364.27,186.33,184.70,366.09,366.09,0.40,0.00,275.30,0.00,149.78,3348,331,0.0,0.0,0,0,0.0,0.0,0,
27.7.2026,17:7:19.253,18785,24410,43.4,15183,25452,37.3,20.4,2560,522,0.943,1.058,1.006,0.871,0.871,0.871,0.870,0.875,0.870,1.065,1.065,0.888,2354.2,3890.5,3691.0,1895.4,1895.4,1895.4,1895.4,1895.4,1795.6,1795.6,2892.9,99.8,3291.9,70.3,109.2,41.9,114.1,35.0,65.7,58.2,99.0,58.3,113.6,68.8,29.6,50.1,72.7,4.6,6.3,2.5,6.5,2.2,4.1,4.7,6.3,5.1,7.9,3.9,1.9,3.8,7.9,4.6,100.0,3.1,4.5,1.8,4.7,1.6,3.0,2.6,4.4,2.7,4.9,3.1,1.5,2.5,3.1,23.6,39.0,37.0,19.0,19.0,19.0,19.0,19.0,18.0,18.0,29.0,33.0,49,52,49,51,51,51,51,47,47,47,47,51,48,51,49,49,49,49,53,53,53,53,52,52,No,No,No,No,No,No,No,No,No,No,No,No,No,No,No,No,No,No,No,No,No,No,No,No,No,No,No,No,No,No,No,No,No,No,No,No,52,46,47,0.000,0.000,0.000,0.000,0.000,0.000,0.000,1.200,9.375,3.337,0.832,0.001,2.024,0.255,0.056,55.0,13.0,55.0,13.0,0,28.5,3.0,4.5,22.8,0.0,4.7,6.0,2.9,6.2,2.8,4.2,4.4,6.4,4.7,8.0,4.4,2.3,3.8,0.5,0.0,1.0,1.2,0.4,1.2,1.1,0.0,0.0,0.0,0.0,74.7,1.8,2.2,92.9,93.3,90.0,91.5,90.5,94.1,96.3,94.1,85.4,86.9,83.8,1463.1,14.67,21,21,21,47,68,514,1,2,No,No,No,No,No,No,No,No,No,No,No,No,No,No,No,No,No,No,No,No,No,No,No,No,No,No,No,No,No,No,No,No,No,No,No,No,No,No,50.0,44,86.0,100.0,No,No,39866,57821,0.0,0.3,0.3,0.000,0.030,375159,350329,46,0.240,3.424,300.0,1330.0,0.4,0.1,0.0,0.1,0.5,0.0,0.0,0.0,0.0,5.3,1074,19243,1074,No,No,No,No,No,No,No,No,12.328,45.380,98.1,0.000,0.0,3.8,17.3,1.9,1.9,1.9,1.9,3.8,19.5,1.9,1.9,1.9,1.9,261.98,526.86,57.71,57.20,531.29,531.29,0.40,0.00,261.98,0.00,332.83,3348,331,0.6,0.6,0,0,0.0,0.0,0,
27.7.2026,17:7:21.270,18783,24412,43.4,15183,25452,37.3,20.4,2560,522,0.955,1.132,1.001,0.866,0.871,0.867,1.062,1.052,0.867,0.903,0.928,0.671,2184.7,3890.5,3691.0,1496.3,1496.3,1496.3,1895.4,1895.4,1895.4,1895.4,2194.6,99.8,3291.9,65.3,110.8,36.8,100.3,67.2,59.7,55.9,49.8,58.7,78.0,46.5,59.9,60.5,67.4,3.8,6.0,3.1,5.6,4.3,0.4,2.8,1.1,3.5,5.8,3.7,4.4,4.6,6.0,3.8,100.0,2.9,4.7,1.6,4.3,2.9,2.9,2.8,2.3,2.7,3.1,2.2,2.4,2.7,2.9,21.9,39.0,37.0,15.0,15.0,15.0,19.0,19.0,19.0,19.0,22.0,33.0,48,50,48,47,47,47,47,49,51,49,49,52,50,52,53,53,53,53,51,49,51,51,50,51,No,No,No,No,No,No,No,No,No,No,No,No,No,No,No,No,No,No,No,No,No,No,No,No,No,No,No,No,No,No,No,No,No,No,No,No,51,46,47,0.000,0.000,0.000,0.000,0.000,0.000,0.000,1.200,1.875,3.380,0.813,0.000,2.079,0.257,0.056,55.0,13.0,55.0,13.0,0,27.9,6.2,3.8,23.0,0.0,4.3,6.1,2.4,5.7,4.6,4.2,4.0,3.3,4.6,5.5,3.4,4.2,4.1,0.3,0.9,0.4,0.0,0.6,0.0,0.0,0.0,0.0,0.3,0.3,75.4,2.8,0.0,94.1,92.8,95.0,93.1,93.2,94.8,94.1,94.1,84.9,84.8,85.0,1064.1,10.67,15,15,15,35,68,374,1,2,No,No,No,No,No,No,No,No,No,No,No,No,No,No,No,No,No,No,No,No,No,No,No,No,No,No,No,No,No,No,No,No,No,No,No,No,No,No,51.0,43,86.0,100.0,No,No,39866,57821,0.0,0.4,0.4,0.016,0.293,375159,350330,46,0.232,3.396,300.0,1463.0,0.3,0.1,0.0,0.1,0.4,0.0,0.0,0.0,0.0,5.3,1074,19243,1074,No,No,No,No,No,No,No,No,12.329,45.380,98.1,0.000,0.0,3.3,4.3,2.6,2.6,2.6,2.6,3.2,4.3,2.6,2.6,2.6,2.6,307.50,380.70,234.29,232.95,382.19,382.19,0.36,0.00,307.50,0.00,109.35,3348,331,0.1,0.1,0,0,0.0,0.0,0,
27.7.2026,17:7:23.270,18785,24410,43.4,15184,25451,37.3,20.4,2560,522,0.873,0.884,0.871,0.867,0.867,0.867,0.865,0.870,0.870,0.884,0.884,0.888,1745.7,1695.9,1695.9,1695.9,1695.9,1496.3,1496.3,1695.9,1795.6,2094.9,2094.9,99.8,1097.3,67.6,105.3,39.5,79.7,40.2,65.1,34.4,36.7,57.9,117.2,78.0,84.3,73.5,57.3,5.1,5.7,2.7,4.9,3.5,7.6,3.2,5.1,4.7,8.1,5.3,5.6,5.3,8.1,5.1,100.0,3.0,4.2,1.7,3.4,1.8,2.9,1.7,1.7,2.7,5.3,3.5,3.7,3.2,3.0,17.5,17.0,17.0,17.0,17.0,15.0,15.0,17.0,18.0,21.0,21.0,11.0,46,46,44,46,46,46,46,45,45,48,48,54,54,56,54,54,54,54,55,55,52,52,47,48,No,No,No,No,No,No,No,No,No,No,No,No,No,No,No,No,No,No,No,No,No,No,No,No,No,No,No,No,No,No,No,No,No,No,No,No,52,46,46,0.000,0.000,0.000,0.000,0.000,0.000,0.000,1.200,4.375,3.463,0.836,0.001,2.118,0.268,0.056,55.0,13.0,55.0,13.0,0,29.0,2.9,5.1,22.0,0.0,4.5,5.7,2.9,4.8,2.8,4.1,2.5,3.0,4.0,8.0,5.4,5.8,5.3,0.7,0.1,0.7,0.0,0.0,0.5,0.6,1.2,1.3,0.7,2.0,74.3,2.6,0.0,94.2,95.8,94.7,93.3,88.5,90.9,91.4,91.2,87.4,86.3,88.5,1330.1,13.33,19,19,19,43,68,467,2,1,No,No,No,No,No,No,No,No,No,No,No,No,No,No,No,No,No,No,No,No,No,No,No,No,No,No,No,No,No,No,No,No,No,No,No,No,No,No,52.0,43,86.0,100.0,No,No,39866,57821,0.0,0.1,0.1,0.000,0.004,375159,350330,47,0.232,3.472,300.0,1064.0,0.3,0.1,0.0,0.1,0.5,0.0,0.0,0.0,0.0,5.3,1074,19243,1074,No,No,No,No,No,No,No,No,12.329,45.380,98.1,0.000,0.0,5.0,408.5,2.0,2.0,2.0,2.0,4.9,55.4,2.0,2.0,2.0,2.0,199.86,492.20,2.45,0.68,500.23,500.23,0.25,0.00,199.86,0.00,318.98,3348,331,0.5,0.9,0,0,0.0,0.0,0,
27.7.2026,17:7:25.270,18782,24413,43.4,15182,25453,37.3,20.4,2560,522,1.054,1.077,1.026,1.051,1.051,1.051,1.051,1.047,1.078,1.047,1.057,0.671,2344.3,3890.5,3790.7,1496.3,1895.4,1895.4,1895.4,1895.4,2892.9,1895.4,1895.4,99.8,3291.9,69.1,102.8,45.3,106.4,34.6,102.8,65.0,58.9,94.1,69.2,45.8,49.7,54.8,76.2,3.7,6.2,2.9,5.0,0.2,5.9,3.5,2.4,5.7,4.6,2.4,2.8,2.7,6.2,3.7,100.0,3.1,5.1,1.9,4.1,1.6,4.7,2.8,3.0,4.1,2.9,2.1,2.6,2.3,3.0,23.5,39.0,38.0,15.0,19.0,19.0,19.0,19.0,29.0,19.0,19.0,33.0,50,49,50,50,50,50,50,50,50,50,50,50,51,50,50,50,50,50,50,50,50,50,51,50,No,No,No,No,No,No,No,No,No,No,No,No,No,No,No,No,No,No,No,No,No,No,No,No,No,No,No,No,No,No,No,No,No,No,No,No,52,45,46,0.000,0.000,0.000,0.000,0.000,0.000,0.000,1.200,1.563,3.388,0.808,0.001,2.073,0.265,0.056,55.0,13.0,55.0,13.0,0,29.4,3.6,5.4,21.9,0.0,4.5,6.9,3.1,5.6,2.8,6.2,4.3,3.6,6.0,4.9,3.6,3.4,3.7,0.5,0.3,0.5,1.3,0.1,1.5,0.9,0.2,0.0,0.0,0.0,74.6,0.0,0.0,90.3,93.9,92.7,90.7,93.6,94.5,95.1,94.8,86.8,86.1,87.5,1330.1,13.33,19,19,19,43,68,467,2,1,No,No,No,No,No,No,No,No,No,No,No,No,No,No,No,No,No,No,No,No,No,No,No,No,No,No,No,No,No,No,No,No,No,No,No,No,No,No,50.0,43,86.0,100.0,No,No,39866,57821,0.1,0.2,0.3,0.008,0.039,375159,350330,47,0.240,3.379,300.0,1330.0,0.4,0.1,0.0,0.1,0.4,0.0,0.0,0.0,0.0,5.3,1074,19243,1074,No,No,No,No,No,No,No,No,12.328,45.380,98.1,0.000,0.0,3.8,5.0,3.0,3.0,3.0,3.0,3.9,5.4,3.0,3.0,3.0,3.0,264.98,331.86,198.10,196.87,333.22,333.22,0.38,0.00,264.98,0.00,109.40,3348,331,6.7,2.7,0,0,0.0,0.0,0,
27.7.2026,17:7:27.286,18781,24414,43.4,15181,25453,37.3,20.4,2560,522,1.055,1.121,1.006,1.031,1.036,1.101,1.096,1.031,1.031,1.056,1.039,0.888,2424.1,3790.7,3691.0,1795.6,1795.6,2992.7,2992.7,1795.6,1795.6,1795.6,1795.6,99.8,3192.2,57.0,113.2,35.3,74.8,38.2,38.2,47.5,79.6,35.0,59.6,40.2,53.0,69.4,57.7,4.4,6.1,1.3,4.8,4.5,3.3,3.8,6.7,3.1,4.7,4.2,5.0,5.2,6.7,4.4,100.0,2.4,3.9,1.5,3.1,1.7,1.7,2.1,3.4,1.6,2.5,1.9,2.4,3.0,2.5,24.3,38.0,37.0,18.0,18.0,30.0,30.0,18.0,18.0,18.0,18.0,32.0,50,52,48,50,50,50,50,51,51,51,50,50,48,52,50,50,50,50,49,49,49,50,52,52,No,No,No,No,No,No,No,No,No,No,No,No,No,No,No,No,No,No,No,No,No,No,No,No,No,No,No,No,No,No,No,No,No,No,No,No,50,45,46,0.000,0.000,0.000,0.000,0.000,0.000,0.000,1.200,1.875,3.316,0.748,0.001,2.074,0.260,0.056,55.0,13.0,55.0,13.0,0,31.1,2.8,5.3,24.0,0.0,4.0,5.7,2.8,4.5,3.0,3.1,3.5,5.9,2.9,4.5,3.2,4.1,4.9,0.1,0.0,0.3,0.0,0.0,0.0,0.0,0.0,0.4,0.4,0.0,75.8,4.4,0.0,95.6,94.8,92.3,95.7,94.2,94.4,93.4,93.4,86.8,84.4,89.1,1330.1,13.33,19,19,19,43,68,467,2,1,No,No,No,No,No,No,No,No,No,No,No,No,No,No,No,No,No,No,No,No,No,No,No,No,No,No,No,No,No,No,No,No,No,No,No,No,No,No,52.0,43,86.0,100.0,No,No,39866,57821,0.1,0.3,0.4,0.015,0.137,375159,350330,46,0.240,3.318,300.0,1330.0,0.3,0.1,0.0,0.1,0.4,0.0,0.0,0.0,0.0,5.3,1074,19243,1074,No,No,No,No,No,No,No,No,12.329,45.380,98.1,0.000,0.0,3.8,21.6,2.1,2.0,2.0,2.0,3.7,26.3,2.0,2.0,2.0,2.0,265.37,484.50,46.23,42.21,488.97,488.97,0.39,0.00,265.37,0.00,475.29,3348,331,0.0,0.1,0,0,0.0,0.0,0,
27.7.2026,17:7:29.304,18780,24415,43.4,15182,25453,37.3,20.4,2560,522,1.013,1.059,1.058,0.868,1.053,1.053,0.881,0.881,1.084,1.094,1.099,0.723,2723.3,3890.5,3691.0,1496.3,2094.9,2892.9,2094.9,2094.9,2992.7,2992.7,2992.7,99.8,3291.9,66.1,119.6,38.2,107.0,41.6,50.0,60.1,71.3,54.4,72.4,60.2,44.4,74.6,67.8,3.3,5.9,3.4,6.1,2.4,0.0,2.1,2.4,2.3,4.3,3.8,2.8,4.6,6.1,3.3,100.0,2.9,4.9,1.7,4.7,1.8,2.3,2.8,3.5,2.6,3.1,2.4,2.0,3.2,2.9,27.3,39.0,37.0,15.0,21.0,29.0,21.0,21.0,30.0,30.0,30.0,33.0,49,49,48,46,46,46,46,51,53,53,53,51,51,52,54,54,54,54,49,47,47,47,51,53,No,No,No,No,No,No,No,No,No,No,No,No,No,No,No,No,No,No,No,No,No,No,No,No,No,No,No,No,No,No,No,No,No,No,No,No,50,46,46,0.000,0.000,0.000,0.000,0.000,0.000,0.000,1.200,1.250,3.412,0.833,0.001,2.091,0.257,0.056,55.0,13.0,55.0,13.0,0,29.4,4.4,4.6,23.7,0.0,4.3,6.0,2.8,6.2,2.6,3.4,4.3,5.0,4.1,5.3,4.3,3.1,4.6,0.3,0.0,0.0,0.5,0.0,0.4,0.9,0.8,0.3,0.4,0.0,75.0,2.1,0.0,94.4,94.1,92.0,92.6,92.4,94.0,95.0,93.7,86.8,86.2,87.4,1064.1,10.67,15,15,15,35,68,374,1,2,No,No,No,No,No,No,No,No,No,No,No,No,No,No,No,No,No,No,No,No,No,No,No,No,No,No,No,No,No,No,No,No,No,No,No,No,No,No,50.0,43,86.0,100.0,No,No,39866,57821,0.1,0.5,0.5,0.032,0.088,375159,350330,46,0.240,3.401,300.0,1330.0,0.3,0.1,0.0,0.1,0.4,0.0,0.0,0.0,0.0,5.3,1074,19243,1074,No,No,No,No,No,No,No,No,12.328,45.380,98.1,0.000,0.0,3.3,3.6,3.0,3.0,3.0,3.0,3.2,3.5,3.0,3.0,3.0,3.0,306.67,334.29,279.05,278.54,334.85,334.85,0.53,0.00,306.21,0.46,41.26,3348,331,0.1,0.0,0,0,0.0,0.0,0,
27.7.2026,17:7:31.312,18852,24343,43.6,15248,25387,37.5,20.4,2560,522,0.860,0.864,0.849,0.848,0.848,0.853,0.858,0.858,0.854,0.879,0.889,0.888,1616.0,1296.8,1396.6,1496.3,1496.3,1496.3,1596.1,1596.1,1596.1,2094.9,2094.9,99.8,997.6,171.8,224.0,250.5,277.4,133.7,186.6,176.7,167.0,110.9,158.6,114.4,128.0,133.5,190.8,9.6,9.4,9.7,11.5,6.4,13.6,12.4,12.0,8.2,10.4,7.4,6.4,7.8,13.6,9.6,100.0,7.1,9.0,10.1,11.3,5.4,8.1,7.6,7.1,4.7,6.5,5.1,5.1,5.5,7.1,16.2,13.0,14.0,15.0,15.0,15.0,16.0,16.0,16.0,21.0,21.0,10.0,46,45,44,44,46,46,46,45,45,47,47,54,55,56,56,54,54,54,55,55,53,53,47,47,No,No,No,No,No,No,No,No,No,No,No,No,No,No,No,No,No,No,No,No,No,No,No,No,No,No,No,No,No,No,No,No,No,No,No,No,50,46,45,0.000,0.000,0.000,0.000,0.000,0.000,0.000,1.200,1.563,5.499,2.412,0.005,2.457,0.329,0.057,55.0,13.0,55.0,13.0,0,19.8,3.0,1.9,14.7,0.0,8.8,9.5,9.1,11.5,5.8,11.0,10.4,10.0,6.8,9.7,7.1,6.9,8.0,0.9,1.9,0.2,1.3,1.5,1.2,1.0,0.5,0.6,0.4,0.6,70.9,3.4,0.0,84.8,85.6,86.4,90.2,87.9,90.5,90.7,89.4,75.6,72.5,78.7,1064.1,10.67,15,15,15,35,68,374,1,2,No,No,No,No,No,No,No,No,No,No,No,No,No,No,No,No,No,No,No,No,No,No,No,No,No,No,No,No,No,No,No,No,No,No,No,No,No,No,50.0,43,86.0,100.0,No,No,39866,57821,0.0,0.4,0.4,0.000,0.054,375159,350330,46,0.240,3.640,300.0,1064.0,0.2,0.1,0.0,0.1,0.3,0.0,0.0,0.0,0.0,5.3,1080,19237,1081,No,No,No,No,No,No,No,No,12.328,45.380,98.1,0.000,0.0,1.6,1.6,1.6,1.6,1.6,1.6,1.6,1.6,1.6,1.6,1.6,1.6,617.69,617.69,617.69,617.69,617.69,617.69,1.84,0.00,617.31,0.38,526.05,3348,331,0.7,0.2,0,0,0.0,0.0,0,
27.7.2026,17:7:33.319,18848,24347,43.6,15247,25387,37.5,20.4,2560,522,1.077,1.097,1.252,1.107,0.877,0.877,0.881,1.166,1.166,1.181,1.166,0.888,2992.7,4090.0,4688.5,2194.6,2194.6,2194.6,2194.6,3391.7,3391.7,2194.6,3391.7,99.8,3491.5,80.1,151.2,58.6,155.1,39.6,87.5,52.3,62.3,83.9,97.1,57.9,63.3,52.4,86.3,4.8,6.8,3.2,6.8,2.7,5.6,3.5,4.6,5.5,5.9,3.7,4.8,4.0,6.8,4.8,100.0,3.5,6.2,2.4,6.2,1.8,3.9,2.5,2.9,3.7,4.2,2.8,3.0,2.7,3.5,30.0,41.0,47.0,22.0,22.0,22.0,22.0,34.0,34.0,22.0,34.0,35.0,50,55,52,52,52,52,52,45,45,45,45,50,45,48,48,48,48,48,55,55,55,55,55,55,No,No,No,No,No,No,No,No,No,No,No,No,No,No,No,No,No,No,No,No,No,No,No,No,No,No,No,No,No,No,No,No,No,No,No,No,50,45,46,0.000,0.000,0.000,0.000,0.000,0.000,0.000,1.200,2.813,3.769,1.188,0.000,2.081,0.262,0.056,55.0,13.0,55.0,13.0,0,25.4,4.6,4.0,23.3,0.0,4.7,6.7,3.1,6.8,2.7,5.6,3.6,4.6,5.5,5.9,3.7,4.3,3.4,0.5,0.3,0.9,0.7,0.0,1.3,1.3,0.0,0.4,0.0,0.0,74.5,0.1,0.0,91.9,94.6,91.7,91.0,92.3,93.8,94.2,95.1,86.2,86.6,85.8,1064.1,10.67,15,15,15,35,68,374,1,2,Yes,No,No,No,No,No,No,No,No,No,Yes,No,No,No,No,No,No,No,No,No,No,No,No,No,No,No,No,Yes,No,No,No,No,No,No,No,Yes,No,No,50.0,43,86.0,100.0,No,No,39866,57821,0.0,0.4,0.4,0.000,0.052,375159,350330,47,0.240,3.426,300.0,1064.0,0.2,0.1,0.0,0.1,0.3,0.0,0.0,0.0,0.0,5.3,1077,19240,1077,No,No,No,No,No,No,No,No,12.329,45.380,98.1,0.000,0.0,1.6,1.6,1.6,1.6,1.6,1.6,1.6,1.6,1.6,1.6,1.6,1.6,617.69,617.69,617.69,617.69,617.69,617.69,1.84,0.00,617.31,0.38,526.05,3348,331,3.6,3.1,0,0,0.0,0.0,0,
27.7.2026,17:7:35.333,18780,24415,43.4,15183,25452,37.3,20.4,2560,522,0.958,1.070,1.020,0.890,0.890,0.850,0.849,1.049,0.844,1.059,1.059,0.711,2523.8,3890.5,3790.7,2194.6,2194.6,1496.3,1496.3,2892.9,1496.3,2892.9,2892.9,99.8,3092.4,68.9,104.2,53.7,110.4,37.3,67.6,61.5,43.0,78.5,62.3,82.4,52.3,73.6,69.5,4.6,6.2,2.8,5.6,3.3,4.8,4.9,4.8,6.2,4.0,5.0,2.9,4.6,6.2,4.6,100.0,3.0,4.3,2.2,4.9,1.7,2.9,2.7,1.9,3.4,2.6,3.7,2.3,3.1,3.0,25.3,39.0,38.0,22.0,22.0,15.0,15.0,29.0,15.0,29.0,29.0,31.0,46,49,49,46,46,46,46,45,45,45,45,54,51,51,54,54,54,54,55,55,55,55,49,49,No,No,No,No,No,No,No,No,No,No,No,No,No,No,No,No,No,No,No,No,No,No,No,No,No,No,No,No,No,No,No,No,No,No,No,No,50,45,46,0.000,0.000,0.000,0.000,0.000,0.000,0.000,1.200,3.750,3.386,0.906,0.001,2.008,0.249,0.056,55.0,13.0,55.0,13.0,0,27.5,4.4,3.6,25.3,0.0,4.6,6.2,2.8,5.5,2.6,4.9,4.9,3.4,6.2,4.7,5.4,3.7,5.4,0.1,0.0,0.5,0.0,0.0,0.0,0.0,0.3,0.0,0.0,0.0,75.0,0.0,2.4,93.1,93.2,95.1,91.5,93.5,93.0,95.0,92.9,87.2,88.2,86.2,1596.1,16.00,22,22,22,52,68,560,1,2,Yes,No,No,No,No,No,No,No,No,No,Yes,No,No,No,No,No,No,No,No,No,No,No,No,No,No,No,No,Yes,No,No,No,No,No,No,No,Yes,No,No,50.0,43,86.0,100.0,No,No,39866,57821,0.0,0.2,0.2,0.000,0.020,375159,350330,46,0.232,3.571,300.0,1463.0,0.2,0.1,0.0,0.1,0.3,0.0,0.0,0.0,0.0,5.3,1075,19242,1075,No,No,No,No,No,No,No,No,12.328,45.380,98.1,0.000,0.0,1.6,1.6,1.6,1.6,1.6,1.6,1.7,1.7,1.7,1.7,1.7,1.7,607.15,607.15,607.15,607.15,607.15,607.15,0.50,0.00,606.82,0.32,15.11,3348,331,0.7,0.3,0,0,0.0,0.0,0,
27.7.2026,17:7:37.338,18780,24415,43.4,15183,25452,37.3,20.4,2560,522,0.958,1.070,1.020,0.890,0.890,0.850,0.849,1.049,0.844,1.059,1.059,0.711,2523.8,3890.5,3790.7,2194.6,2194.6,1496.3,1496.3,2892.9,1496.3,2892.9,2892.9,99.8,3092.4,68.9,104.2,53.7,110.4,37.3,67.6,61.5,43.0,78.5,62.3,82.4,52.3,73.6,69.5,4.6,6.2,2.8,5.6,3.3,4.8,4.9,4.8,6.2,4.0,5.0,2.9,4.6,6.2,4.6,100.0,3.0,4.3,2.2,4.9,1.7,2.9,2.7,1.9,3.4,2.6,3.7,2.3,3.1,3.0,25.3,39.0,38.0,22.0,22.0,15.0,15.0,29.0,15.0,29.0,29.0,31.0,46,49,49,46,46,46,46,45,45,45,45,54,51,51,54,54,54,54,55,55,55,55,49,49,No,No,No,No,No,No,No,No,No,No,No,No,No,No,No,No,No,No,No,No,No,No,No,No,No,No,No,No,No,No,No,No,No,No,No,No,50,45,46,0.000,0.000,0.000,0.000,0.000,0.000,0.000,1.200,3.125,3.543,0.964,0.000,2.092,0.255,0.056,55.0,13.0,55.0,13.0,0,27.5,4.4,3.6,25.3,0.0,4.6,6.2,2.8,5.5,2.6,4.9,4.9,3.4,6.2,4.7,5.4,3.7,5.4,0.1,0.0,0.5,0.0,0.0,0.0,0.0,0.3,0.0,0.0,0.0,75.0,0.0,2.4,93.1,93.2,95.1,91.5,93.5,93.0,95.0,92.9,87.2,88.2,86.2,1596.1,16.00,22,22,22,52,68,560,1,2,Yes,No,No,No,No,No,No,No,No,No,Yes,No,No,No,No,No,No,No,No,No,No,No,No,No,No,No,No,Yes,No,No,No,No,No,No,No,Yes,No,No,50.0,43,86.0,100.0,No,No,39866,57821,0.0,0.4,0.4,0.000,0.078,375159,350331,45,0.242,3.274,300.0,1596.0,0.2,0.1,0.0,0.1,0.3,0.0,0.0,0.0,0.0,5.3,1075,19242,1075,No,No,No,No,No,No,No,No,12.329,45.380,98.1,0.000,0.0,1.7,1.7,1.7,1.7,1.7,1.7,1.7,1.7,1.7,1.7,1.7,1.7,598.00,598.00,598.00,598.00,598.00,598.00,0.39,0.00,598.00,0.00,229.99,3348,331,0.0,0.0,0,0,0.0,0.0,0,
27.7.2026,17:7:39.342,18767,24428,43.4,15171,25464,37.3,20.4,2560,522,1.008,1.148,0.996,1.021,0.888,0.888,1.063,1.068,1.058,1.068,0.885,0.671,2513.9,3890.5,3691.0,1496.3,1496.3,1496.3,2194.6,2892.9,2892.9,2892.9,2194.6,99.8,3291.9,68.2,112.9,46.8,115.0,61.2,33.4,78.3,39.7,52.0,72.0,59.4,92.6,55.0,67.4,4.1,5.9,2.8,5.3,4.3,2.4,5.0,2.8,4.0,3.6,5.1,4.0,4.3,5.9,4.1,100.0,2.9,4.4,2.0,4.6,2.8,1.5,3.2,1.8,2.3,3.0,2.6,3.8,2.2,2.9,25.2,39.0,37.0,15.0,15.0,15.0,22.0,29.0,29.0,29.0,22.0,33.0,46,49,48,44,44,44,44,47,47,47,47,54,51,52,56,56,56,56,53,53,53,53,49,49,No,No,No,No,No,No,No,No,No,No,No,No,No,No,No,No,No,No,No,No,No,No,No,No,No,No,No,No,No,No,No,No,No,No,No,No,50,46,46,0.000,0.000,0.000,0.000,0.000,0.000,0.000,1.200,5.625,3.301,0.825,0.001,1.985,0.256,0.057,55.0,13.0,55.0,13.0,0,29.1,2.6,4.5,25.9,0.0,4.3,5.9,2.8,5.3,4.4,2.4,5.0,2.8,4.0,5.0,4.4,5.4,3.7,0.2,0.0,1.4,0.3,0.0,0.0,0.0,0.0,0.0,0.0,0.0,75.5,0.0,0.0,95.8,93.7,95.4,94.1,93.6,93.5,93.1,95.2,87.1,89.2,85.1,1463.1,14.67,21,21,21,47,68,514,1,2,No,No,No,No,No,No,No,No,No,No,No,No,No,No,No,No,No,No,No,No,No,No,No,No,No,No,No,No,No,No,No,No,No,No,No,No,No,No,50.0,43,86.0,100.0,No,No,39866,57821,0.0,0.1,0.1,0.000,0.004,375159,350331,46,0.240,3.450,300.0,1463.0,0.2,0.1,0.0,0.1,0.3,0.0,0.0,0.0,0.0,5.3,1075,19242,1075,No,No,No,No,No,No,No,No,12.328,45.380,98.1,0.000,0.0,1.7,1.7,1.7,1.7,1.7,1.7,1.7,1.7,1.7,1.7,1.7,1.7,598.00,598.00,598.00,598.00,598.00,598.00,0.39,0.00,598.00,0.00,229.99,3348,331,0.0,0.0,0,0,0.0,0.0,0,
27.7.2026,17:7:41.334,18764,24430,43.4,15168,25466,37.3,20.4,2560,522,0.976,1.100,0.998,0.890,0.915,0.910,0.975,0.980,0.980,1.005,1.007,0.888,2374.2,3890.5,3691.0,2194.6,2194.6,2194.6,2194.6,1496.3,1496.3,2194.6,2194.6,99.8,3291.9,76.5,120.6,50.5,121.7,47.0,48.1,40.8,43.8,52.4,116.2,58.5,52.7,166.0,65.6,4.8,5.9,2.7,5.9,2.1,3.0,2.8,2.8,3.5,10.1,3.7,5.8,8.9,10.1,4.8,100.0,3.2,4.9,2.1,5.0,2.1,2.0,1.8,2.0,2.3,4.8,2.5,2.3,6.8,3.2,23.8,39.0,37.0,22.0,22.0,22.0,22.0,15.0,15.0,22.0,22.0,33.0,47,52,46,48,48,48,48,45,45,45,45,53,48,54,52,52,52,52,55,55,55,55,52,52,No,No,No,No,No,No,No,No,No,No,No,No,No,No,No,No,No,No,No,No,No,No,No,No,No,No,No,No,No,No,No,No,No,No,No,No,50,45,46,0.000,0.000,0.000,0.000,0.000,0.000,0.000,1.200,5.313,3.476,0.912,0.001,2.053,0.268,0.057,55.0,13.0,55.0,13.0,0,29.9,1.5,4.0,24.9,0.0,4.8,6.2,3.0,6.2,3.2,3.4,3.1,3.2,3.9,8.2,4.0,3.9,8.9,0.1,0.8,0.1,0.0,0.0,0.0,0.0,0.4,0.0,0.0,0.0,75.0,1.9,0.0,95.3,95.4,95.0,93.7,89.9,94.5,94.7,89.4,86.5,85.9,87.0,1330.1,13.33,19,19,19,43,68,467,2,1,No,No,No,No,No,No,No,No,No,No,No,No,No,No,No,No,No,No,No,No,No,No,No,No,No,No,No,No,No,No,No,No,No,No,No,No,No,No,50.0,43,86.0,100.0,No,No,39866,57821,0.0,0.1,0.1,0.000,0.002,375159,350331,46,0.242,3.747,300.0,1330.0,0.2,0.1,0.0,0.1,0.3,0.0,0.0,0.0,0.0,5.3,1075,19242,1075,No,No,No,No,No,No,No,No,12.329,45.380,98.1,0.000,0.0,1.6,1.6,1.6,1.6,1.6,1.6,1.6,1.6,1.6,1.6,1.6,1.6,614.81,614.81,614.81,614.81,614.81,614.81,0.41,0.00,614.81,0.00,32.19,3348,331,13.9,2.1,0,0,0.0,0.0,0,
27.7.2026,17:7:43.342,18765,24430,43.4,15147,25488,37.2,20.4,2560,522,0.955,1.072,1.076,1.052,1.052,0.944,0.896,0.896,0.873,0.848,0.843,0.723,2653.5,3890.5,3691.0,2793.2,2793.2,2394.1,2194.6,2194.6,2194.6,2194.6,2194.6,99.8,3291.9,132.3,173.1,127.2,175.5,112.8,102.9,142.6,154.8,112.7,144.1,115.9,103.3,123.2,137.7,6.0,9.6,6.1,9.1,5.7,5.2,6.9,6.8,4.2,6.4,4.2,3.8,4.4,9.6,6.0,100.0,4.6,7.7,5.0,6.8,3.9,3.9,5.3,5.2,3.4,4.4,3.2,3.1,3.5,4.2,26.6,39.0,37.0,28.0,28.0,24.0,22.0,22.0,22.0,22.0,22.0,33.0,56,62,54,56,56,56,56,55,55,55,55,44,38,46,44,44,44,44,45,45,45,45,62,62,No,No,No,No,No,No,No,No,No,No,No,No,No,No,No,No,No,No,No,No,No,No,Yes,No,No,Yes,Yes,Yes,Yes,Yes,Yes,Yes,Yes,No,No,No,50,50,47,0.000,0.000,0.000,0.000,0.000,0.000,0.000,1.200,12.813,3.987,1.150,0.001,2.302,0.280,0.056,55.0,13.0,55.0,13.0,0,27.9,5.8,4.7,17.5,0.0,6.9,9.8,6.3,9.3,5.4,5.6,7.6,8.1,5.7,8.0,5.8,5.2,6.1,0.2,0.6,0.9,0.1,0.0,0.1,0.4,0.0,0.0,0.0,0.0,73.4,1.7,0.0,92.7,90.0,89.7,91.7,90.4,92.5,93.0,92.2,80.2,78.8,81.5,1596.1,16.00,22,22,22,52,68,560,1,2,No,No,No,No,No,No,No,No,No,No,No,No,No,No,No,No,No,No,No,No,No,No,No,No,No,No,No,No,No,No,No,No,No,No,No,No,No,No,50.0,43,86.0,100.0,No,No,39866,57821,0.0,1.2,1.2,0.016,9.741,375159,350350,47,0.240,11.760,300.0,1596.0,4.6,3.2,0.0,1.0,4.9,0.0,0.0,0.0,0.0,5.4,1099,19218,1100,No,No,No,No,No,No,No,No,12.329,45.380,98.1,0.000,0.0,1.6,1.6,1.6,1.6,1.6,1.6,1.6,1.6,1.6,1.6,1.6,1.6,628.81,628.81,628.81,628.81,628.81,628.81,0.78,0.02,628.34,0.47,35.05,3348,331,0.0,0.0,0,0,0.0,0.0,0,
27.7.2026,17:7:45.338,18832,24362,43.5,15208,25427,37.4,20.4,2560,522,1.205,1.176,1.229,1.099,1.189,1.182,1.242,1.257,1.242,1.257,1.177,0.723,3282.0,4090.0,4588.8,1895.4,1895.4,3391.7,3391.7,3391.7,3391.7,3391.7,3391.7,99.8,3491.5,370.6,612.3,797.5,1076.7,298.3,217.5,186.4,237.5,185.8,186.2,232.5,229.7,186.9,451.5,14.1,18.7,23.5,31.3,10.0,10.1,8.8,11.6,10.3,11.0,11.9,11.7,10.4,31.3,14.1,100.0,16.3,24.5,32.4,42.7,13.4,9.9,9.0,11.7,9.6,9.6,11.6,11.4,9.6,16.7,32.9,41.0,46.0,19.0,19.0,34.0,34.0,34.0,34.0,34.0,34.0,35.0,54,66,57,52,52,52,52,52,52,52,52,46,34,43,48,48,48,48,48,48,48,48,66,66,No,No,No,No,No,No,No,No,No,No,No,No,No,No,No,No,No,No,No,No,No,No,Yes,Yes,Yes,Yes,Yes,Yes,Yes,Yes,Yes,Yes,Yes,No,No,Yes,51,46,46,0.000,0.000,0.000,0.000,0.000,0.000,0.000,1.200,2.188,11.824,8.406,0.017,2.571,0.463,0.057,55.0,13.0,55.0,13.0,0,14.2,0.2,1.8,2.6,0.0,13.4,18.5,23.8,31.2,9.5,10.3,8.2,10.6,8.8,9.4,10.7,10.5,8.8,17.0,16.0,13.2,14.9,16.6,20.6,17.0,14.8,19.2,22.7,14.7,55.7,2.7,2.2,71.4,71.5,64.4,69.9,72.1,66.5,62.9,73.3,38.3,36.3,40.3,1596.1,16.00,22,22,22,52,68,560,1,2,Yes,No,No,No,No,No,No,Yes,No,Yes,Yes,No,No,No,No,No,No,No,No,No,No,No,No,No,No,No,No,Yes,No,No,No,No,No,No,No,Yes,No,No,52.0,43,86.0,100.0,No,No,39866,57821,0.0,0.3,0.3,0.008,0.045,375159,350350,47,0.240,5.458,300.0,1596.0,0.8,0.5,0.0,0.2,1.0,0.0,0.0,0.0,0.0,5.4,1098,19219,1098,No,No,No,No,No,No,No,No,12.327,45.380,98.1,0.000,0.0,57.8,74.3,38.6,38.3,38.3,38.3,58.9,61.0,40.3,30.2,29.4,29.4,17.31,25.94,13.57,13.02,26.11,26.11,0.65,0.00,17.04,0.27,1.05,3348,331,0.1,0.1,0,0,0.0,0.0,0,
27.7.2026,17:7:47.347,18826,24368,43.5,15209,25426,37.4,20.4,2560,522,1.228,1.222,1.201,1.206,1.256,1.236,1.221,1.206,1.236,1.246,1.251,0.888,3531.4,4090.0,4090.0,3391.7,3391.7,3391.7,3391.7,3391.7,3391.7,3391.7,3391.7,99.8,3491.5,124.1,245.2,208.6,318.3,103.7,62.5,72.2,65.4,76.2,93.5,79.0,92.6,71.9,144.0,6.2,10.8,7.3,12.4,4.6,4.2,4.5,3.8,4.9,5.9,5.4,5.8,4.4,12.4,6.2,100.0,4.8,10.0,6.3,12.5,3.9,2.4,3.1,2.7,3.0,3.8,3.2,3.6,2.8,4.8,35.4,41.0,41.0,34.0,34.0,34.0,34.0,34.0,34.0,34.0,34.0,35.0,53,57,50,55,55,55,55,51,51,51,51,47,43,50,45,45,45,45,49,49,49,49,57,57,No,No,No,No,No,No,No,No,No,No,No,No,No,No,No,No,No,No,No,No,No,No,Yes,Yes,Yes,Yes,Yes,Yes,Yes,Yes,Yes,Yes,Yes,No,No,Yes,51,47,47,0.000,0.000,0.000,0.000,0.000,0.000,0.000,1.200,4.375,5.308,2.219,0.001,2.463,0.324,0.056,55.0,13.0,55.0,13.0,0,25.1,4.2,5.6,9.2,0.0,6.4,11.0,7.9,12.6,4.9,3.9,4.8,4.2,5.3,6.0,5.5,6.2,4.7,0.7,1.3,1.0,1.0,0.7,0.4,0.7,0.4,0.5,0.7,0.6,73.8,0.0,3.1,92.4,91.5,92.8,91.3,91.5,92.0,90.1,92.7,74.4,75.3,73.5,1596.1,16.00,22,22,22,52,68,560,1,2,Yes,No,No,No,No,No,No,No,No,Yes,Yes,No,No,No,No,No,No,No,No,No,No,No,No,No,No,No,No,Yes,No,No,No,No,No,No,No,Yes,No,No,51.0,42,86.0,100.0,No,No,39866,57821,0.0,0.5,0.5,0.000,0.024,375159,350350,47,0.232,7.399,300.0,1596.0,3.4,2.9,0.0,0.7,3.6,0.0,0.0,0.0,0.0,5.3,1085,19231,1086,No,No,No,No,No,No,No,No,12.328,45.380,98.1,0.000,0.0,12.8,61.7,3.8,3.7,3.6,3.6,13.0,57.6,3.9,3.8,3.8,3.8,77.89,265.30,16.22,15.65,274.89,274.89,0.49,0.00,77.89,0.00,105.06,3348,331,4.1,3.0,0,0,0.0,0.0,0,
27.7.2026,17:7:49.353,18850,24345,43.6,15221,25413,37.4,20.4,2560,522,1.183,1.093,1.213,1.181,1.181,1.181,1.206,1.191,1.191,1.191,1.206,0.888,3531.4,4090.0,4090.0,3391.7,3391.7,3391.7,3391.7,3391.7,3391.7,3391.7,3391.7,99.8,3491.5,220.7,427.5,344.9,349.6,259.4,161.6,139.3,159.2,165.5,147.5,170.0,168.1,156.1,250.9,10.8,18.5,15.5,15.2,10.6,9.0,6.7,8.7,9.0,8.7,10.4,9.3,8.3,18.5,10.8,100.0,9.5,17.3,15.5,14.4,11.1,7.2,6.2,7.2,7.2,6.5,7.7,7.5,6.9,9.5,35.4,41.0,41.0,34.0,34.0,34.0,34.0,34.0,34.0,34.0,34.0,35.0,51,63,53,52,52,52,52,47,47,47,47,49,37,47,48,48,48,48,53,53,53,53,63,63,No,No,No,No,No,No,No,No,No,No,No,No,No,No,No,No,No,No,No,No,No,No,Yes,Yes,Yes,Yes,Yes,Yes,Yes,Yes,Yes,Yes,Yes,No,No,Yes,51,48,47,0.000,0.000,0.000,0.000,0.000,0.000,0.000,1.200,5.625,7.392,3.846,0.022,2.763,0.409,0.056,55.0,13.0,55.0,13.0,0,21.6,1.6,3.3,1.8,0.0,11.1,18.8,14.9,15.6,10.7,9.1,7.8,9.3,9.4,9.0,10.6,9.3,8.5,2.0,1.9,5.8,1.7,2.7,1.0,1.5,1.4,1.5,1.8,1.1,69.5,3.2,4.7,85.9,86.2,86.4,85.8,86.0,83.8,86.0,87.6,58.8,58.6,59.0,1596.1,16.00,22,22,22,52,68,560,1,2,Yes,No,No,No,No,No,No,Yes,No,Yes,Yes,No,No,No,No,No,No,No,No,No,No,No,No,No,No,No,No,Yes,No,No,No,No,No,No,No,Yes,No,Yes,52.0,42,86.0,100.0,No,No,39866,57821,0.0,0.2,0.2,0.000,0.045,375159,350350,47,0.240,7.750,300.0,1596.0,3.7,2.6,0.0,0.8,4.2,0.0,0.0,0.0,0.0,5.3,1084,19232,1085,No,No,No,No,No,No,No,No,12.328,45.380,98.1,0.000,0.0,16.9,79.0,1.2,0.9,0.9,0.9,16.9,61.0,1.3,0.9,0.9,0.9,59.18,800.47,12.65,11.93,1101.27,1101.27,2.05,0.99,59.18,0.00,73.77,3348,331,0.2,0.2,0,0,0.0,0.0,0,
27.7.2026,17:7:51.349,18847,24348,43.6,15223,25411,37.4,20.4,2560,522,1.214,1.204,1.187,1.202,1.307,1.212,1.234,1.199,1.194,1.194,1.209,0.888,2773.9,4091.0,4091.0,3392.5,1496.7,3392.5,3392.5,3392.5,1496.7,1496.7,1496.7,99.8,3492.3,205.4,308.3,297.8,411.9,229.5,72.7,66.3,269.1,255.9,95.9,239.6,89.3,128.8,238.9,9.7,11.0,10.9,11.7,8.7,3.7,4.3,17.5,15.5,5.7,15.0,5.3,7.6,17.5,9.7,100.0,8.5,12.5,12.4,16.4,9.8,3.3,3.0,10.9,10.4,4.2,9.9,4.0,5.3,8.5,27.8,41.0,41.0,34.0,15.0,34.0,34.0,34.0,15.0,15.0,15.0,35.0,52,55,56,52,52,52,52,50,50,50,50,48,45,44,48,48,48,48,50,50,50,50,56,56,No,No,No,No,No,No,No,No,No,No,No,No,No,No,No,No,No,No,No,No,No,No,Yes,Yes,Yes,Yes,Yes,Yes,Yes,Yes,Yes,Yes,Yes,No,No,Yes,52,47,47,0.000,0.000,0.000,0.000,0.000,0.000,0.000,1.200,3.750,7.749,4.223,0.019,2.722,0.410,0.056,55.0,13.0,55.0,13.0,0,11.6,0.0,0.9,0.5,0.0,10.0,11.3,11.1,12.0,9.1,4.1,3.9,17.1,16.3,5.9,15.3,5.8,7.9,4.7,16.0,14.0,2.0,3.1,3.0,1.9,1.9,2.3,1.4,1.4,69.3,3.7,1.9,91.5,90.7,77.5,79.7,90.1,78.9,89.5,88.9,55.4,53.6,57.1,1596.5,16.00,22,22,22,52,68,560,1,2,Yes,No,No,No,No,No,No,No,No,Yes,Yes,No,No,No,No,No,No,No,No,No,No,No,No,No,No,No,No,Yes,No,No,No,No,No,No,No,Yes,No,No,51.0,42,86.0,100.0,No,No,39866,57821,0.0,0.3,0.3,0.008,0.081,375159,350350,47,0.232,5.886,300.0,1596.0,3.8,2.9,0.0,0.8,4.1,0.0,0.0,0.0,0.0,5.2,1065,19252,1065,No,No,No,No,No,No,No,No,12.327,45.380,98.1,0.000,0.0,37.7,182.7,7.7,6.2,6.0,6.0,38.0,61.9,7.7,6.1,6.0,6.0,26.50,129.20,5.47,0.87,165.41,165.41,1.39,0.06,26.50,0.00,11.37,3348,331,0.0,0.0,0,0,0.0,0.0,0,
27.7.2026,17:7:53.344,18810,24384,43.5,15185,25449,37.3,20.4,2560,522,1.256,1.258,1.263,1.281,1.271,1.276,1.271,1.271,1.271,1.296,1.099,0.671,2394.1,4090.0,4688.5,3391.7,1496.3,2094.9,1496.3,1496.3,1496.3,1496.3,2194.6,99.8,3491.5,138.1,319.7,228.5,350.9,118.2,83.1,64.8,90.4,97.7,82.2,74.3,61.4,86.5,169.2,7.5,14.5,10.0,15.0,6.4,5.4,4.1,6.1,7.5,5.5,4.9,4.1,6.0,15.0,7.5,100.0,5.9,12.9,9.6,14.5,5.0,3.8,2.9,3.9,4.7,3.6,3.2,2.8,3.7,5.9,24.0,41.0,47.0,34.0,15.0,21.0,15.0,15.0,15.0,15.0,22.0,35.0,50,58,52,50,50,50,50,47,47,47,47,50,42,48,50,50,50,50,53,53,53,53,58,58,No,No,No,No,No,No,No,No,No,No,No,No,No,No,No,No,No,No,No,No,No,No,No,No,No,No,No,No,No,No,No,No,No,No,No,No,52,48,47,0.000,0.000,0.000,0.000,0.000,0.000,0.000,1.200,3.750,7.749,4.223,0.019,2.722,0.410,0.056,55.0,13.0,55.0,13.0,0,26.8,1.2,2.2,4.1,0.0,7.5,14.7,9.7,15.3,6.5,5.5,4.1,6.1,6.9,5.8,4.9,4.2,6.0,1.7,1.6,3.6,2.1,1.4,1.9,1.7,1.9,1.5,0.5,0.5,72.7,1.4,0.7,89.5,92.4,89.8,86.4,90.0,92.0,92.6,91.9,68.0,68.9,67.1,1596.1,16.00,22,22,22,52,68,560,1,2,Yes,No,No,No,No,No,No,Yes,No,No,Yes,No,No,No,No,No,No,No,No,No,No,No,No,No,No,No,No,Yes,No,No,No,No,No,No,No,Yes,No,No,52.0,42,86.0,100.0,No,No,39866,57821,0.0,0.4,0.4,0.000,0.062,375159,350350,47,0.232,7.006,300.0,1596.0,0.7,0.4,0.0,0.1,0.7,0.0,0.0,0.0,0.0,5.3,1085,19232,1085,No,No,No,No,No,No,No,No,12.327,45.380,98.1,0.000,0.0,60.0,64.6,56.5,56.3,56.3,56.3,60.0,61.0,59.1,59.1,59.1,59.1,16.66,17.69,15.47,15.45,17.77,17.77,0.40,0.00,16.66,0.00,0.41,3348,331,0.6,0.4,0,0,0.0,0.0,0,
27.7.2026,17:7:55.352,18842,24353,43.6,15227,25408,37.4,20.4,2560,522,1.199,1.093,1.238,1.270,1.275,1.293,1.088,1.108,1.218,1.113,1.293,0.888,2902.2,4089.0,4687.4,1496.0,3390.9,3390.9,1496.0,1496.0,3390.9,2194.1,3390.9,99.7,3490.6,206.1,326.2,481.7,457.4,394.6,77.7,97.7,91.4,87.4,125.1,133.0,102.3,99.1,251.8,9.0,11.6,15.3,17.5,13.0,4.8,4.6,5.5,5.7,8.8,8.1,7.1,6.3,17.5,9.0,100.0,8.5,13.0,19.0,18.5,15.6,3.5,4.3,4.1,3.9,5.4,5.7,4.6,4.4,8.5,29.1,41.0,47.0,15.0,34.0,34.0,15.0,15.0,34.0,22.0,34.0,35.0,50,57,54,50,50,50,51,48,48,48,48,50,43,46,50,50,50,49,52,52,52,52,57,57,No,No,No,No,No,No,No,No,No,No,No,No,No,No,No,No,No,No,No,No,No,No,Yes,Yes,Yes,Yes,Yes,Yes,Yes,Yes,Yes,Yes,Yes,No,No,Yes,52,48,47,0.000,0.000,0.000,0.000,0.000,0.000,0.000,1.200,9.688,5.819,2.467,0.019,2.609,0.389,0.056,55.0,13.0,55.0,13.0,0,19.6,3.1,4.6,8.5,0.0,9.2,11.4,15.9,17.5,12.9,4.9,6.2,5.6,5.8,8.7,8.1,7.3,6.5,3.4,5.4,4.7,2.6,3.5,3.3,3.0,4.1,3.3,1.9,1.8,71.1,2.5,6.8,89.9,87.8,88.6,88.5,84.4,86.2,87.3,88.9,58.0,62.2,53.9,1329.7,13.33,19,19,19,43,68,467,2,1,Yes,No,No,No,No,No,No,No,No,Yes,Yes,No,No,No,No,No,No,No,No,No,No,No,No,No,No,No,No,Yes,No,No,No,No,No,No,No,Yes,No,No,52.0,43,86.0,100.0,No,No,39866,57821,0.7,0.7,1.4,0.614,0.402,375160,350351,47,0.232,5.379,300.0,1329.0,2.8,1.7,0.0,0.6,3.2,0.0,0.0,0.0,0.0,5.4,1092,19225,1092,No,No,No,No,No,No,No,No,12.327,45.380,98.1,0.000,0.0,5.8,63.5,0.7,0.6,0.6,0.6,5.8,60.2,0.7,0.6,0.6,0.6,172.16,1469.83,15.75,15.69,1633.01,1633.01,0.54,0.00,172.16,0.00,277.93,3348,331,0.6,0.3,0,0,0.0,0.0,0,
27.7.2026,17:7:57.362,18838,24356,43.6,15223,25412,37.4,20.4,2560,522,1.258,1.206,1.212,1.277,1.267,1.297,1.275,1.285,1.285,1.300,1.180,0.723,2803.1,4090.0,4090.0,3491.5,1496.3,3491.5,1496.3,3491.5,1496.3,3391.7,1496.3,99.8,3491.5,131.5,230.0,268.7,360.4,122.2,74.0,74.2,78.7,75.8,76.1,63.8,53.0,101.5,160.5,6.3,9.6,13.3,13.7,0.0,4.8,5.7,4.8,5.0,4.3,4.3,3.2,6.7,13.7,6.3,100.0,5.6,9.6,11.3,14.7,5.2,3.3,3.4,3.5,3.3,3.2,2.8,2.4,4.5,5.6,28.1,41.0,41.0,35.0,15.0,35.0,15.0,35.0,15.0,34.0,15.0,35.0,53,60,54,56,56,56,56,48,48,48,48,47,40,46,44,44,44,44,52,52,52,52,60,60,No,No,No,No,No,No,No,No,No,No,No,No,No,No,No,No,No,No,No,No,No,No,No,No,No,No,No,No,No,No,No,No,No,No,No,No,52,52,47,0.000,0.000,0.000,0.000,0.000,0.000,0.000,1.200,17.813,7.057,3.689,0.001,2.700,0.349,0.056,55.0,13.0,55.0,13.0,0,19.6,0.3,2.0,8.2,0.0,7.3,10.2,13.1,14.5,7.2,5.3,5.2,5.5,5.6,5.6,4.8,3.8,7.4,3.7,14.8,19.2,0.0,0.5,0.7,0.6,0.1,0.5,0.3,0.3,73.3,0.0,0.1,92.1,90.7,91.1,91.5,92.6,92.7,93.7,88.5,56.0,57.8,54.2,1330.1,13.33,19,19,19,43,68,467,2,1,Yes,No,No,No,No,No,No,Yes,No,No,Yes,No,No,No,No,No,No,No,No,No,No,No,No,No,No,No,No,Yes,No,No,No,No,No,No,No,Yes,No,No,52.0,43,86.0,100.0,No,No,39866,57821,0.4,0.3,0.7,0.225,0.044,375160,350351,46,0.232,6.817,300.0,1330.0,1.1,0.6,0.0,0.6,1.3,0.0,0.0,0.0,0.0,5.3,1083,19234,1084,No,No,No,No,No,No,No,No,12.329,45.380,98.1,0.000,0.0,16.1,61.8,2.6,2.4,2.4,2.4,16.1,60.5,2.6,2.4,2.4,2.4,62.19,390.67,16.18,16.18,416.44,416.44,0.70,0.00,62.19,0.00,59.36,3348,331,0.2,0.1,0,0,0.0,0.0,0,
27.7.2026,17:7:59.367,18857,24337,43.6,15239,25396,37.5,20.4,2560,522,1.170,1.232,1.085,1.093,1.273,1.303,1.105,1.194,1.099,1.209,1.114,0.671,2583.7,4090.0,4090.0,1496.3,1496.3,3391.7,1496.3,3391.7,1496.3,3391.7,1496.3,99.8,3491.5,151.9,221.4,269.0,275.0,190.4,116.8,71.5,167.5,168.0,84.6,79.1,98.1,81.1,184.9,8.4,8.9,9.1,9.2,12.9,7.9,6.0,10.3,10.8,7.4,5.6,6.9,5.4,12.9,8.4,100.0,6.4,8.7,11.1,11.2,8.0,5.0,3.4,7.0,7.0,3.6,3.6,4.2,3.5,6.4,25.9,41.0,41.0,15.0,15.0,34.0,15.0,34.0,15.0,34.0,15.0,35.0,50,57,53,50,50,50,51,47,48,48,48,50,43,47,50,50,50,49,53,52,52,52,57,57,No,No,No,No,No,No,No,No,No,No,No,No,No,No,No,No,No,No,No,No,No,No,Yes,Yes,Yes,Yes,Yes,Yes,Yes,Yes,Yes,Yes,Yes,No,No,Yes,51,48,47,0.000,0.000,0.000,0.000,0.000,0.000,0.000,1.200,17.813,5.474,2.282,0.006,2.493,0.366,0.056,55.0,13.0,55.0,13.0,0,31.4,5.5,0.0,0.0,0.0,7.8,8.6,9.6,8.8,8.0,7.6,5.5,10.1,10.8,6.4,5.3,6.6,5.8,4.5,11.6,14.4,2.3,1.9,2.6,2.2,2.8,3.5,2.4,1.4,70.4,0.4,0.5,87.8,89.6,84.6,84.2,88.8,88.7,88.7,90.8,65.4,66.3,64.5,1330.1,13.33,19,19,19,43,68,467,2,1,Yes,No,No,No,No,No,No,Yes,No,Yes,Yes,No,No,No,No,No,No,No,No,No,No,No,No,No,No,No,No,Yes,No,No,No,No,No,No,No,Yes,No,No,52.0,43,86.0,100.0,No,No,39866,57821,0.2,0.4,0.6,0.038,0.065,375160,350351,48,0.232,4.209,300.0,1330.0,0.2,0.1,0.0,0.1,0.3,0.0,0.0,0.0,0.0,5.3,1083,19234,1084,No,No,No,No,No,No,No,No,12.328,45.380,98.1,0.000,0.0,12.1,60.8,3.7,3.6,3.6,3.6,12.0,60.3,3.6,3.5,3.5,3.5,82.60,272.31,16.44,16.43,280.21,280.21,1.37,0.00,82.60,0.00,123.65,3348,331,0.0,0.0,0,0,0.0,0.0,0,
27.7.2026,17:8:1.369,18862,24333,43.6,15241,25393,37.5,20.4,2560,522,1.233,1.268,1.256,1.270,1.270,1.270,1.270,1.270,1.267,1.087,1.102,0.671,2074.9,4090.0,4688.5,1496.3,1496.3,1496.3,1496.3,1496.3,1496.3,1496.3,1496.3,99.8,3491.5,83.8,128.1,134.3,51.7,181.6,49.8,51.2,73.5,53.8,101.5,65.6,54.0,60.6,90.5,4.3,5.1,4.9,1.0,6.6,3.7,3.5,4.3,3.7,6.9,3.7,3.7,5.0,6.9,4.3,100.0,3.5,5.2,5.3,2.2,6.9,2.4,2.3,3.2,2.5,4.2,2.8,2.4,2.6,3.5,20.8,41.0,47.0,15.0,15.0,15.0,15.0,15.0,15.0,15.0,15.0,35.0,48,49,52,48,48,48,48,47,47,47,47,52,51,48,52,52,52,52,53,53,53,53,53,52,No,No,No,No,No,No,No,No,No,No,No,No,No,No,No,No,No,No,No,No,No,No,Yes,Yes,Yes,Yes,Yes,Yes,Yes,Yes,Yes,Yes,Yes,No,No,Yes,51,48,47,0.000,0.000,0.000,0.000,0.000,0.000,0.000,1.200,14.375,6.815,3.070,0.003,3.039,0.379,0.056,55.0,13.0,55.0,13.0,0,28.5,2.1,4.1,27.1,0.0,4.5,5.2,4.3,2.6,5.5,3.9,3.7,5.2,4.3,7.0,3.9,3.9,4.4,0.9,1.3,0.9,1.2,0.6,0.7,0.7,0.4,1.4,1.9,0.4,74.6,0.0,4.1,92.5,93.8,92.3,92.9,91.0,93.2,92.5,93.9,86.4,87.7,85.1,1330.1,13.33,19,19,19,43,68,467,2,1,Yes,No,No,No,No,No,No,No,No,Yes,Yes,No,No,No,No,No,No,No,No,No,No,No,No,No,No,No,No,Yes,No,No,No,No,No,No,No,Yes,No,No,52.0,43,86.0,100.0,No,No,39866,57821,0.1,0.2,0.3,0.010,0.036,375160,350351,48,0.232,4.209,300.0,1330.0,0.2,0.1,0.0,0.1,0.3,0.0,0.0,0.0,0.0,5.3,1083,19234,1084,No,No,No,No,No,No,No,No,12.328,45.380,98.1,0.000,0.0,2.1,2.3,1.9,1.9,1.9,1.9,2.1,2.3,1.9,1.9,1.9,1.9,474.44,515.47,433.40,432.65,516.30,516.30,0.34,0.00,474.44,0.00,58.14,3348,331,0.0,0.0,0,0,0.0,0.0,0,
27.7.2026,17:8:3.367,18939,24256,43.8,15324,25311,37.7,20.4,2560,522,1.261,1.249,1.092,1.102,1.297,1.295,1.330,1.330,1.320,1.300,1.300,0.888,2394.1,4090.0,4090.0,1496.3,1496.3,1496.3,1496.3,3391.7,3391.7,1496.3,1496.3,99.8,3491.5,391.9,505.2,876.5,492.4,879.4,208.3,291.1,267.0,214.7,225.9,258.4,244.6,238.9,466.8,16.6,15.7,27.1,15.6,29.4,10.8,16.7,16.3,12.3,13.5,15.0,13.7,13.2,29.4,16.6,100.0,16.1,20.4,34.7,19.5,35.1,9.1,12.2,11.2,9.2,9.6,11.2,10.4,10.2,16.1,24.0,41.0,41.0,15.0,15.0,15.0,15.0,34.0,34.0,15.0,15.0,35.0,55,63,56,56,56,56,56,51,51,51,51,45,37,44,44,44,44,44,49,49,49,49,63,63,No,No,No,No,No,No,No,No,No,No,No,No,No,No,No,No,No,No,No,No,No,No,Yes,Yes,Yes,Yes,Yes,Yes,Yes,Yes,Yes,Yes,Yes,No,No,Yes,71,71,48,0.000,0.000,0.000,0.000,0.000,0.000,0.000,1.200,13.438,4.102,1.561,0.001,2.049,0.259,0.056,55.0,13.0,55.0,13.0,0,9.9,1.8,0.8,5.6,0.0,16.6,16.1,27.5,14.9,29.6,11.5,16.7,15.6,12.3,13.4,15.0,13.5,13.8,8.1,6.1,10.0,5.5,10.3,8.5,6.9,7.7,9.4,7.7,9.2,60.3,5.2,3.6,79.3,69.3,72.4,77.3,76.0,71.1,75.7,73.4,41.8,43.0,40.6,1330.1,13.33,19,19,19,43,68,467,2,1,Yes,No,No,No,No,No,No,Yes,No,Yes,Yes,No,No,No,No,No,No,No,No,No,No,No,No,No,No,No,No,Yes,No,No,No,No,No,No,No,Yes,No,No,52.0,43,86.0,100.0,No,No,39866,57821,20.1,1.5,21.6,9.483,3.214,375179,350357,49,0.232,6.675,300.0,1330.0,4.3,1.6,0.0,1.1,5.4,0.0,0.0,0.0,0.0,5.7,1152,19165,1153,No,No,No,No,No,No,No,No,12.327,45.380,98.1,0.000,0.0,57.8,68.4,31.2,20.7,20.0,20.0,58.0,62.9,31.9,20.8,20.0,20.0,17.29,32.03,14.63,13.99,50.12,50.12,1.34,0.00,17.29,0.00,24.36,3348,331,0.4,0.4,0,0,0.0,0.0,0,
27.7.2026,17:8:5.368,18928,24267,43.8,15312,25322,37.6,20.4,2560,522,1.222,1.093,1.253,1.278,1.268,1.269,1.294,1.274,1.274,1.108,1.113,0.888,2254.5,1396.6,4688.5,3391.7,1496.3,1496.3,3391.7,1496.3,1496.3,1496.3,2194.6,99.8,3491.5,159.5,300.8,245.6,178.5,225.9,73.2,115.3,102.4,195.8,146.4,99.7,133.9,96.8,179.7,9.2,12.4,13.4,6.6,13.5,4.8,8.0,5.9,13.7,9.7,6.4,9.3,6.8,13.7,9.2,100.0,6.7,12.1,9.8,7.2,9.2,3.3,5.0,4.4,8.1,6.1,4.5,6.1,4.1,6.7,22.6,14.0,47.0,34.0,15.0,15.0,34.0,15.0,15.0,15.0,22.0,35.0,50,59,54,51,51,51,51,47,47,47,47,50,41,46,49,49,49,49,53,53,53,53,59,59,No,No,No,No,No,No,No,No,No,No,No,No,No,No,No,No,No,No,No,No,No,No,Yes,Yes,Yes,Yes,Yes,Yes,Yes,Yes,Yes,Yes,Yes,No,No,Yes,52,52,48,0.000,0.000,0.000,0.000,0.000,0.000,0.000,1.200,8.750,10.395,6.702,0.028,2.884,0.428,0.056,55.0,13.0,55.0,13.0,0,30.2,0.0,0.0,0.0,0.0,9.5,12.4,13.1,6.6,14.0,5.3,8.4,7.1,13.4,10.2,7.1,10.1,6.5,1.5,1.9,3.2,2.3,1.6,1.7,1.4,0.0,1.6,1.3,0.3,70.2,2.5,0.0,89.8,87.2,88.7,82.6,87.8,88.1,83.7,91.6,68.8,66.6,71.1,1596.1,16.00,22,22,22,52,68,560,1,2,Yes,No,No,No,No,No,No,No,No,Yes,Yes,No,No,No,No,No,No,No,No,No,No,No,No,No,No,No,No,Yes,No,No,No,No,No,No,No,Yes,No,No,52.0,43,86.0,100.0,No,No,39866,57821,0.4,0.7,1.1,0.365,0.360,375180,350358,49,0.232,6.675,300.0,1330.0,4.3,1.6,0.0,1.1,5.4,0.0,0.0,0.0,0.0,5.7,1152,19165,1153,No,No,No,No,No,No,No,No,12.329,45.380,98.1,0.000,0.0,59.9,67.0,54.3,53.5,53.4,53.4,60.0,63.7,56.3,53.5,53.2,53.2,16.69,18.41,14.93,14.70,18.73,18.73,0.42,0.00,16.69,0.00,0.71,3348,331,25.6,7.8,0,0,0.0,0.0,0,
27.7.2026,17:8:7.377,18955,24240,43.8,15343,25292,37.7,20.4,2560,522,1.216,1.092,1.262,1.284,1.274,1.262,1.262,1.272,1.267,1.082,1.102,0.888,2643.5,4090.0,4688.5,3391.7,1496.3,1496.3,1496.3,3391.7,3391.7,1496.3,1496.3,99.8,3491.5,165.0,329.7,358.7,243.3,380.0,63.7,79.8,72.3,62.4,98.4,87.2,111.3,92.9,198.7,7.7,13.2,12.2,8.2,16.0,4.7,4.5,4.4,4.4,6.8,4.7,7.7,6.2,16.0,7.7,100.0,6.9,13.3,14.4,10.0,15.5,2.9,3.5,3.3,2.8,4.2,3.8,5.3,4.0,6.9,26.5,41.0,47.0,34.0,15.0,15.0,15.0,34.0,34.0,15.0,15.0,35.0,51,55,54,50,50,50,50,50,50,50,50,49,45,46,50,50,50,50,50,50,50,50,55,55,No,No,No,No,No,No,No,No,No,No,No,No,No,No,No,No,No,No,No,No,No,No,Yes,Yes,Yes,Yes,Yes,Yes,Yes,Yes,Yes,Yes,Yes,No,No,Yes,54,54,47,0.000,0.000,0.000,0.000,0.000,0.000,0.000,1.200,15.938,6.377,2.676,0.006,2.927,0.418,0.057,55.0,13.0,55.0,13.0,0,21.2,2.9,4.8,0.0,0.0,7.8,13.0,12.9,8.2,15.4,4.0,5.3,4.5,4.4,6.8,5.4,8.1,6.2,2.5,8.6,8.7,0.5,1.3,1.9,0.3,0.4,1.3,1.9,0.5,73.0,4.5,1.9,92.7,90.6,91.0,92.7,90.7,91.1,83.7,91.4,58.2,56.5,59.8,1596.1,16.00,22,22,22,52,68,560,1,2,Yes,No,No,No,No,No,No,No,No,Yes,Yes,No,No,No,No,No,No,No,No,No,No,No,No,No,No,No,No,Yes,No,No,No,No,No,No,No,Yes,No,No,52.0,45,86.0,100.0,No,No,39866,57821,1.2,0.4,1.6,1.430,1.194,375182,350360,47,0.232,7.452,300.0,1596.0,2.4,1.1,0.0,0.6,2.9,0.0,0.0,0.0,0.0,5.0,1019,19298,1019,No,No,No,No,No,No,No,No,12.328,45.380,98.1,0.000,0.0,13.4,60.1,5.0,5.0,5.0,5.0,13.3,60.7,5.0,5.0,5.0,5.0,74.90,198.79,16.64,16.63,199.66,199.66,0.88,0.00,74.90,0.00,113.65,3348,331,0.7,1.2,0,0,0.0,0.0,0,
27.7.2026,17:8:9.384,18957,24238,43.8,15257,25378,37.5,20.4,2560,522,1.243,1.269,1.256,1.274,1.299,1.104,1.108,1.328,1.313,1.233,1.243,0.888,3072.5,4090.0,4688.5,3391.7,3391.7,1496.3,1995.1,3391.7,1496.3,3391.7,3391.7,99.8,3491.5,173.0,213.2,197.3,250.9,173.9,74.9,83.8,87.4,81.2,201.4,246.9,210.0,255.5,145.3,9.8,8.8,8.9,9.9,6.6,5.0,6.2,6.3,5.4,13.3,16.9,14.0,16.7,16.9,9.8,100.0,7.2,8.8,8.1,10.3,7.2,3.3,3.6,3.7,3.5,8.4,10.1,9.0,10.5,7.2,30.8,41.0,47.0,34.0,34.0,15.0,20.0,34.0,15.0,34.0,34.0,35.0,53,51,57,55,55,55,55,51,51,51,51,47,49,43,45,45,45,45,49,49,49,49,56,57,No,No,No,No,No,No,No,No,No,No,No,No,No,No,No,No,No,No,No,No,No,No,Yes,Yes,Yes,Yes,Yes,Yes,Yes,Yes,Yes,Yes,Yes,No,No,Yes,55,55,48,0.000,0.000,0.000,0.000,0.000,0.000,0.000,1.200,11.563,7.473,3.854,0.006,2.890,0.382,0.056,55.0,13.0,55.0,13.0,0,14.1,1.4,2.2,10.5,0.0,9.7,8.9,8.3,9.9,6.6,5.1,5.6,5.8,5.5,13.3,16.3,14.3,16.7,6.7,7.8,30.1,0.9,1.3,1.0,1.3,1.1,7.5,8.5,7.9,66.6,0.0,0.0,91.8,90.6,91.1,90.7,82.5,74.0,72.7,73.0,59.9,70.4,49.3,1330.1,13.33,19,19,19,43,68,467,2,1,Yes,No,No,No,No,No,No,No,No,Yes,Yes,No,No,No,No,No,No,No,No,No,No,No,No,No,No,No,No,Yes,No,No,No,No,No,No,No,Yes,No,No,52.0,43,86.0,100.0,No,No,39866,57821,0.2,0.2,0.4,0.091,0.168,375182,350361,48,0.232,6.389,300.0,1596.0,1.0,0.5,0.0,0.2,1.2,0.0,0.0,0.0,0.0,5.1,1028,19288,1029,No,No,No,No,No,No,No,No,12.327,45.380,98.1,0.000,0.0,13.4,60.1,5.0,5.0,5.0,5.0,13.3,60.7,5.0,5.0,5.0,5.0,74.90,198.79,16.64,16.63,199.66,199.66,0.88,0.00,74.90,0.00,113.65,3349,331,0.2,0.2,0,0,0.0,0.0,0,
27.7.2026,17:8:11.376,18820,24375,43.5,14924,25711,36.7,20.4,2560,522,1.174,1.229,1.070,1.101,1.286,1.276,1.262,1.262,1.077,1.092,1.087,0.671,2154.7,4090.0,4090.0,1496.3,1496.3,1496.3,1496.3,2194.6,2194.6,1496.3,1496.3,99.8,3491.5,280.9,311.4,316.4,459.4,194.1,205.9,192.2,262.2,239.0,231.6,340.0,236.1,382.2,272.6,14.9,11.2,10.8,18.4,5.1,12.7,11.9,16.9,15.4,14.7,22.4,14.5,24.5,24.5,14.9,100.0,11.6,12.7,12.9,18.9,7.9,8.7,8.1,10.9,10.0,10.1,13.9,9.8,15.5,11.6,21.6,41.0,41.0,15.0,15.0,15.0,15.0,22.0,22.0,15.0,15.0,35.0,51,58,54,51,51,51,51,50,48,48,48,49,42,46,49,49,49,49,50,52,52,52,58,58,No,No,No,No,No,No,No,No,No,No,No,No,No,No,No,No,No,No,No,No,No,No,Yes,Yes,Yes,Yes,Yes,Yes,Yes,Yes,Yes,Yes,Yes,No,No,Yes,52,52,48,0.000,0.000,0.000,0.000,0.000,0.000,0.000,1.200,10.625,6.556,3.226,0.001,2.660,0.345,0.056,55.0,13.0,55.0,13.0,0,8.5,0.3,3.9,3.4,0.0,15.3,11.5,11.2,18.7,6.8,13.0,12.2,17.0,15.6,15.1,22.5,14.8,24.7,8.2,2.7,26.0,4.1,7.5,4.4,7.5,3.4,10.2,6.5,9.4,58.9,1.4,0.0,79.6,77.3,76.1,74.1,76.2,64.7,75.9,63.3,55.3,67.7,42.9,1064.1,10.67,15,15,15,35,68,374,1,2,Yes,No,No,No,No,No,No,Yes,No,Yes,Yes,No,No,No,No,No,No,No,No,No,No,No,No,No,No,No,No,Yes,No,No,No,No,No,No,No,Yes,No,No,51.0,43,86.0,100.0,No,No,39866,57821,0.7,0.5,1.2,0.768,0.445,375184,350362,48,0.232,8.970,300.0,1330.0,3.0,2.3,0.0,0.6,3.2,0.0,0.0,0.0,0.0,4.6,943,19373,944,No,No,No,No,No,No,No,No,12.328,45.380,98.1,0.000,0.0,5.6,20.2,2.3,2.3,2.3,2.3,5.6,20.2,2.3,2.3,2.3,2.3,177.94,426.18,49.60,49.59,433.85,433.85,0.45,0.00,177.94,0.00,267.27,3349,331,0.2,0.2,0,0,0.0,0.0,0,
27.7.2026,17:8:13.385,18809,24386,43.5,14913,25722,36.7,20.4,2560,522,1.245,1.009,1.256,1.271,1.296,1.271,1.296,1.271,1.291,1.281,1.206,0.671,2972.7,3591.2,4688.5,3391.7,3391.7,1496.3,3391.7,1496.3,3391.7,3391.7,1496.3,99.8,2992.7,76.2,155.5,69.0,173.6,45.1,34.2,40.0,43.1,60.1,86.3,66.4,63.9,77.0,77.6,4.5,5.7,2.0,6.3,3.5,2.6,3.0,3.4,4.9,6.4,5.2,5.1,5.7,6.4,4.5,100.0,3.3,6.3,2.9,7.0,1.9,1.6,1.9,2.0,2.7,3.8,3.0,3.0,3.2,3.3,29.8,36.0,47.0,34.0,34.0,15.0,34.0,15.0,34.0,34.0,15.0,30.0,50,55,54,51,51,51,51,48,48,48,48,50,45,46,49,49,49,49,52,52,52,52,55,55,No,No,No,No,No,No,No,No,No,No,No,No,No,No,No,No,No,No,No,No,No,No,No,No,No,No,No,No,No,No,No,No,No,No,No,No,51,50,48,0.000,0.000,0.000,0.000,0.000,0.000,0.000,1.200,11.250,8.804,5.243,0.015,2.772,0.412,0.056,55.0,13.0,55.0,13.0,0,27.2,5.4,3.9,21.3,0.0,4.7,5.9,3.7,6.6,2.2,2.8,3.2,3.7,5.1,6.7,5.4,5.4,5.9,0.5,0.9,1.3,0.4,0.5,0.8,0.0,0.3,0.0,0.5,0.2,74.8,2.2,3.9,94.8,94.6,93.5,92.7,90.2,92.3,91.1,92.8,84.2,85.1,83.3,1064.1,10.67,15,15,15,35,68,374,1,2,Yes,No,No,No,No,No,No,No,No,No,Yes,No,No,No,No,No,No,No,No,No,No,No,No,No,No,No,No,Yes,No,No,No,No,No,No,No,Yes,No,No,52.0,43,86.0,100.0,No,No,39866,57821,0.0,0.5,0.6,0.024,0.145,375184,350362,48,0.240,4.002,300.0,1064.0,0.2,0.1,0.0,0.0,0.2,0.0,0.0,0.0,0.0,4.6,943,19373,944,No,No,No,No,No,No,No,No,12.328,45.380,98.1,0.000,0.0,1.9,1.9,1.9,1.9,1.9,1.9,1.9,1.9,1.9,1.9,1.9,1.9,518.87,518.87,518.87,518.87,518.87,518.87,0.42,0.00,518.87,0.00,498.92,3349,331,0.5,0.3,0,0,0.0,0.0,0,
27.7.2026,17:8:15.388,18813,24382,43.5,14912,25723,36.6,20.4,2560,522,1.206,1.098,1.263,1.276,1.296,1.271,1.271,1.271,1.091,1.119,1.104,0.888,2334.3,4090.0,4688.5,2194.6,3391.7,1496.3,1496.3,1496.3,1496.3,1496.3,1496.3,99.8,3491.5,96.9,236.2,52.8,361.4,39.5,39.7,33.7,41.4,61.8,76.0,72.4,100.3,46.9,108.3,5.1,10.3,2.2,16.9,2.0,0.4,2.3,2.8,4.4,4.7,5.0,6.7,3.4,16.9,5.1,100.0,4.2,9.6,2.3,14.7,1.7,1.9,1.6,1.9,2.8,3.2,3.2,4.8,2.0,4.2,23.4,41.0,47.0,22.0,34.0,15.0,15.0,15.0,15.0,15.0,15.0,35.0,49,55,54,48,48,48,48,47,47,47,47,51,45,46,52,52,52,52,53,53,53,53,55,55,No,No,No,No,No,No,No,No,No,No,No,No,No,No,No,No,No,No,No,No,No,No,No,No,No,No,No,No,No,No,No,No,No,No,No,No,52,50,48,0.000,0.000,0.000,0.000,0.000,0.000,0.000,1.200,10.000,3.983,1.222,0.000,2.247,0.268,0.056,55.0,13.0,55.0,13.0,0,20.6,1.9,7.8,9.8,0.0,5.6,10.6,2.9,17.3,2.0,2.8,2.4,2.9,4.4,5.5,5.1,7.3,3.4,0.8,1.2,3.4,0.1,0.4,0.0,0.2,0.0,0.5,2.1,0.0,74.8,1.9,1.8,95.0,95.2,95.1,93.2,93.2,92.4,85.1,95.5,74.3,78.7,70.0,1330.1,13.33,19,19,19,43,68,467,2,1,Yes,No,No,No,No,No,No,No,No,No,Yes,No,No,No,No,No,No,No,No,No,No,No,No,No,No,No,No,Yes,No,No,No,No,No,No,No,Yes,No,No,52.0,43,86.0,100.0,No,No,39866,57821,0.1,0.1,0.2,0.016,0.055,375184,350362,47,0.235,4.720,300.0,1064.0,0.4,0.2,0.0,0.1,0.5,0.0,0.0,0.0,0.0,4.6,943,19373,944,No,No,No,No,No,No,No,No,12.327,45.380,98.1,0.000,0.0,6.3,19.3,3.1,3.0,3.0,3.0,6.3,19.2,3.1,3.0,3.0,3.0,157.87,325.22,51.68,49.89,331.12,331.12,0.99,0.00,157.87,0.00,136.71,3349,331,0.6,0.3,0,0,0.0,0.0,0,
27.7.2026,17:8:17.385,18830,24365,43.5,14924,25710,36.7,20.4,2560,522,1.209,1.137,1.097,1.271,1.271,1.266,1.285,1.280,1.270,1.100,1.110,0.711,2414.1,4090.0,4090.0,2194.6,2194.6,1496.3,2194.6,3391.7,1496.3,1496.3,1496.3,99.8,3491.5,97.7,165.2,27.4,187.3,65.2,121.1,114.5,100.7,126.3,75.3,38.7,58.5,92.5,113.5,6.2,7.1,3.7,8.6,2.0,10.4,7.8,6.5,8.7,6.1,2.6,4.6,6.4,10.4,6.2,100.0,4.1,6.6,1.2,7.7,2.5,5.2,5.0,4.5,5.3,3.2,1.8,2.7,3.8,4.1,24.2,41.0,41.0,22.0,22.0,15.0,22.0,34.0,15.0,15.0,15.0,35.0,49,55,54,48,48,48,48,48,48,48,48,51,45,46,52,52,52,52,52,52,52,52,55,55,No,No,No,No,No,No,No,No,No,No,No,No,No,No,No,No,No,No,No,No,No,No,No,No,No,No,No,No,No,No,No,No,No,No,No,No,53,53,48,0.000,0.000,0.000,0.000,0.000,0.000,0.000,1.200,9.375,4.735,1.657,0.002,2.459,0.316,0.056,55.0,13.0,55.0,13.0,0,25.5,3.8,3.6,16.8,0.0,6.0,7.0,1.6,8.7,3.0,8.4,8.0,7.3,8.7,5.4,2.7,4.6,6.5,0.4,1.0,0.5,0.5,0.7,0.6,0.0,0.3,0.5,0.4,0.0,73.1,0.0,2.3,88.3,88.6,89.3,89.4,92.8,95.3,92.2,92.2,84.8,87.7,81.9,1330.1,13.33,19,19,19,43,68,467,2,1,Yes,No,No,No,No,No,No,No,No,No,Yes,No,No,No,No,No,No,No,No,No,No,No,No,No,No,No,No,Yes,No,No,No,No,No,No,No,Yes,No,No,52.0,43,86.0,100.0,No,No,39866,57821,0.0,0.7,0.7,0.016,0.264,375184,350362,47,0.232,4.317,300.0,1330.0,0.1,0.0,0.0,0.0,0.1,0.0,0.0,0.0,0.0,4.6,943,19373,944,No,No,No,No,No,No,No,No,12.328,45.380,98.1,0.000,0.0,1.0,1.0,1.0,1.0,1.0,1.0,1.0,1.0,1.0,1.0,1.0,1.0,998.39,998.39,998.39,998.39,998.39,998.39,0.26,0.00,998.39,0.00,117.10,3349,331,0.2,0.1,0,0,0.0,0.0,0,
27.7.2026,17:8:19.389,18834,24361,43.6,14932,25703,36.7,20.4,2560,522,1.221,1.098,1.096,1.266,1.276,1.281,1.291,1.271,1.276,1.266,1.086,0.888,2603.6,4090.0,4090.0,1496.3,2194.6,1496.3,3391.7,3391.7,2194.6,1496.3,2194.6,99.8,3491.5,135.5,198.5,204.3,522.9,76.5,47.8,104.5,89.3,107.2,107.1,45.2,48.9,73.8,168.9,6.4,6.9,7.0,16.2,2.7,3.5,7.0,6.8,7.6,7.7,2.9,3.2,5.2,16.2,6.4,100.0,5.6,8.0,8.3,20.8,3.0,2.2,4.6,3.9,4.8,4.6,2.1,2.2,3.2,5.6,26.1,41.0,41.0,15.0,22.0,15.0,34.0,34.0,22.0,15.0,22.0,35.0,50,58,53,51,51,51,51,47,47,47,47,50,42,47,49,49,49,49,53,53,53,53,58,58,No,No,No,No,No,No,No,No,No,No,No,No,No,No,No,No,No,No,No,No,No,No,Yes,Yes,Yes,Yes,Yes,Yes,Yes,Yes,Yes,Yes,Yes,No,No,Yes,58,58,48,0.000,0.000,0.000,0.000,0.000,0.000,0.000,1.200,15.313,4.334,1.371,0.000,2.392,0.294,0.056,55.0,13.0,55.0,13.0,0,22.7,3.0,2.7,18.7,0.0,6.3,6.9,6.9,16.2,2.7,3.5,7.1,6.2,7.6,7.7,2.9,3.2,5.2,3.2,4.8,6.2,1.5,3.6,2.5,2.3,3.6,3.3,1.9,1.9,72.2,0.0,2.9,93.3,86.9,88.9,86.7,86.5,91.8,93.3,91.4,73.8,78.7,68.9,1064.1,10.67,15,15,15,35,68,374,1,2,Yes,No,No,No,No,No,No,No,No,Yes,Yes,No,No,No,No,No,No,No,No,No,No,No,No,No,No,No,No,Yes,No,No,No,No,No,No,No,Yes,No,No,52.0,43,86.0,100.0,No,No,39866,57821,0.2,0.2,0.4,0.059,0.036,375184,350362,48,0.232,6.048,300.0,1330.0,0.3,0.2,0.0,0.1,0.4,0.0,0.0,0.0,0.0,4.6,943,19374,943,No,No,No,No,No,No,No,No,12.329,45.380,98.1,0.000,0.0,1.9,1.9,1.8,1.8,1.8,1.8,1.9,1.9,1.8,1.8,1.8,1.8,534.37,549.15,519.60,519.33,549.45,549.45,0.76,0.00,534.37,0.00,265.15,3349,331,0.2,0.3,0,0,0.0,0.0,0,
27.7.2026,17:8:21.384,18952,24243,43.8,15028,25607,36.9,20.4,2560,522,0.880,0.875,0.878,0.878,0.878,0.878,0.883,0.884,0.879,0.884,0.879,0.723,1895.4,2793.2,2793.2,1695.9,1695.9,1695.9,1496.3,1695.9,1695.9,1695.9,1695.9,99.8,2194.6,384.2,626.6,525.1,988.2,389.4,262.9,253.5,275.0,311.3,236.5,222.5,234.0,285.1,454.0,22.1,23.7,19.7,36.6,15.5,20.7,20.9,22.8,25.0,19.3,18.6,19.1,22.9,36.6,22.1,100.0,15.9,25.6,21.1,39.4,16.0,11.3,10.8,11.8,13.4,10.0,9.4,9.9,11.9,15.8,19.0,28.0,28.0,17.0,17.0,17.0,15.0,17.0,17.0,17.0,17.0,22.0,52,58,52,52,52,52,52,50,50,50,50,48,42,48,48,48,48,48,50,50,50,50,58,58,No,No,No,No,No,No,No,No,No,No,No,No,No,No,No,No,No,No,No,No,No,No,Yes,Yes,Yes,Yes,Yes,Yes,Yes,Yes,Yes,Yes,Yes,No,No,Yes,57,57,47,0.000,0.000,0.000,0.000,0.000,0.000,0.000,1.200,11.563,5.932,3.015,0.001,2.343,0.297,0.056,55.0,13.0,55.0,13.0,0,15.9,1.7,2.2,10.4,0.0,22.0,23.9,19.5,36.8,14.5,20.9,20.7,22.5,25.0,19.4,18.5,19.2,22.6,8.8,7.9,3.0,9.7,8.1,9.8,11.4,9.2,10.6,9.9,8.8,52.8,2.4,0.5,65.3,67.8,64.4,57.7,68.1,67.9,67.8,65.7,45.8,47.1,44.5,1330.1,13.33,19,19,19,43,68,467,2,1,Yes,No,No,No,No,No,No,Yes,No,Yes,Yes,No,No,No,No,No,No,No,No,No,No,No,No,No,No,No,No,Yes,No,No,No,No,No,No,No,Yes,No,Yes,52.0,43,86.0,100.0,No,No,39866,57821,36.5,0.7,37.2,10.909,2.695,375205,350368,49,0.240,8.726,300.0,1064.0,0.6,0.3,0.0,0.1,0.6,0.0,0.0,0.0,0.0,4.7,950,19366,950,No,No,No,No,No,No,No,No,12.327,45.380,98.1,0.000,0.0,6.4,57.1,2.5,2.5,2.5,2.5,6.4,57.4,2.5,2.5,2.5,2.5,155.44,399.34,17.50,16.79,399.35,399.35,0.53,2.80,155.44,0.00,205.28,3349,331,9.4,4.5,0,0,0.0,0.0,0,
27.7.2026,17:8:23.377,19006,24189,44.0,15085,25550,37.1,20.4,2560,522,1.219,1.044,1.265,1.272,1.297,1.272,1.297,1.282,1.277,1.088,1.098,0.888,2633.6,3790.7,4688.5,1496.3,2194.6,1496.3,3391.7,3391.7,2194.6,2194.6,1496.3,99.8,897.8,351.6,793.6,613.2,811.5,405.8,180.1,158.0,176.1,328.1,172.3,183.0,153.5,243.9,433.3,16.2,26.1,18.3,26.3,11.4,13.5,10.8,12.5,23.9,11.1,13.3,9.9,16.9,26.3,16.2,100.0,14.4,31.6,24.5,32.0,16.1,7.8,6.9,7.7,13.9,7.4,7.9,6.6,10.1,14.4,26.4,38.0,47.0,15.0,22.0,15.0,34.0,34.0,22.0,22.0,15.0,9.0,50,52,54,50,50,51,51,47,47,47,47,50,48,46,50,50,49,49,53,53,53,53,52,54,No,No,No,No,No,No,No,No,No,No,No,No,No,No,No,No,No,No,No,No,No,No,Yes,Yes,Yes,Yes,Yes,Yes,Yes,Yes,Yes,Yes,Yes,No,No,Yes,57,57,48,0.000,0.000,0.000,0.000,0.000,0.000,0.000,1.200,0.938,8.699,5.151,0.001,2.846,0.377,0.057,55.0,13.0,55.0,13.0,0,9.4,0.2,1.7,2.6,0.0,16.3,26.0,18.8,26.1,12.8,13.0,10.8,12.6,23.6,11.6,13.2,10.4,16.8,6.3,6.6,12.3,8.6,3.2,7.9,6.7,5.8,3.6,2.9,5.6,63.3,9.5,7.0,75.4,82.7,75.8,64.4,79.2,80.0,83.9,74.8,37.8,37.0,38.5,1596.1,16.00,22,22,22,52,68,560,1,2,Yes,No,No,No,No,No,No,No,No,Yes,Yes,No,No,No,No,No,No,No,No,No,No,No,No,No,No,No,No,Yes,No,No,No,No,No,No,No,Yes,No,No,51.0,44,86.0,100.0,No,No,39866,57821,1.8,0.9,2.6,3.458,1.400,375211,350370,48,0.230,10.126,300.0,1330.0,6.8,5.9,0.0,1.4,7.1,0.0,0.0,0.0,0.0,4.9,988,19329,988,No,No,No,No,No,No,No,No,12.330,45.380,98.1,0.000,0.0,59.8,62.7,57.3,57.1,57.1,57.1,60.0,60.6,59.1,59.1,59.1,59.1,16.73,17.47,15.96,15.93,17.51,17.51,0.40,0.00,16.73,0.00,0.28,3349,331,143.7,27.4,0,0,0.0,0.0,0,
27.7.2026,17:8:25.384,19018,24176,44.0,15087,25548,37.1,20.4,2560,522,0.850,0.913,0.850,0.839,0.839,0.839,0.839,0.847,0.842,0.842,0.847,0.888,1616.0,2094.9,2094.9,1496.3,1496.3,1496.3,1496.3,1496.3,1496.3,1496.3,1496.3,99.8,1496.3,193.4,409.2,203.2,391.6,200.8,175.7,117.9,134.6,137.8,191.4,122.0,126.5,109.6,221.3,9.7,14.3,7.6,12.3,5.9,12.4,7.8,8.2,8.3,13.5,8.8,8.9,8.1,14.3,9.7,100.0,8.0,16.2,8.2,16.1,8.0,7.4,5.1,5.8,6.2,8.0,5.1,5.3,4.6,8.1,16.2,21.0,21.0,15.0,15.0,15.0,15.0,15.0,15.0,15.0,15.0,15.0,48,50,48,48,48,48,48,48,48,48,48,52,50,52,52,52,52,52,52,52,52,52,50,50,No,No,No,No,No,No,No,No,No,No,No,No,No,No,No,No,No,No,No,No,No,No,Yes,Yes,Yes,Yes,Yes,Yes,Yes,Yes,Yes,Yes,Yes,No,No,Yes,52,50,48,0.000,0.000,0.000,0.000,0.000,0.000,0.000,1.200,5.938,10.105,6.248,0.040,3.014,0.430,0.058,55.0,13.0,55.0,13.0,0,15.7,3.2,3.3,8.5,0.0,9.7,14.0,6.8,12.9,5.8,12.2,7.8,9.7,9.2,12.8,8.7,8.1,8.0,2.9,8.1,8.0,3.4,2.1,2.1,2.9,2.3,0.0,0.0,0.4,69.1,2.2,2.4,81.6,87.2,85.3,83.2,81.5,89.0,89.6,89.3,64.7,63.3,66.1,1064.1,10.67,15,15,15,35,68,374,1,2,Yes,No,No,No,No,No,No,No,No,Yes,Yes,No,No,No,No,No,No,No,No,No,No,No,No,No,No,No,No,Yes,No,No,No,No,No,No,No,Yes,No,No,51.0,43,86.0,100.0,No,No,39866,57821,0.6,0.9,1.5,0.589,1.389,375213,350373,48,0.232,7.648,300.0,1596.0,0.2,0.1,0.0,0.1,0.3,0.0,0.0,0.0,0.0,4.9,988,19329,988,No,No,No,No,No,No,No,No,12.329,45.380,98.1,0.000,0.0,59.8,62.7,57.3,57.1,57.1,57.1,60.0,60.6,59.1,59.1,59.1,59.1,16.73,17.47,15.96,15.93,17.51,17.51,0.40,0.00,16.73,0.00,0.28,3349,331,40.2,15.0,0,0,0.0,0.0,0,
27.7.2026,17:8:27.376,19079,24116,44.1,15160,25474,37.3,20.4,2560,522,0.861,0.929,0.827,0.876,0.841,0.841,0.856,0.845,0.850,0.895,0.850,0.888,1805.6,2394.1,2394.1,2094.9,1496.3,1496.3,1496.3,1496.3,1496.3,2194.6,1496.3,99.8,1695.9,373.0,871.3,691.9,747.0,595.4,167.0,161.0,228.4,202.4,220.5,186.5,212.2,193.0,458.0,16.9,28.5,19.7,25.0,20.7,9.3,10.5,16.7,14.0,15.6,14.0,15.0,14.0,28.5,16.9,100.0,15.2,34.5,27.2,29.7,23.5,7.3,7.0,9.8,8.6,9.4,8.1,9.1,8.4,15.2,18.1,24.0,24.0,21.0,15.0,15.0,15.0,15.0,15.0,22.0,15.0,17.0,49,52,48,50,48,48,50,48,48,48,48,51,48,52,50,52,52,50,52,52,52,52,52,52,No,No,No,No,No,No,No,No,No,No,No,No,No,No,No,No,No,No,No,No,No,No,Yes,Yes,Yes,Yes,Yes,Yes,Yes,Yes,Yes,Yes,Yes,No,No,Yes,51,50,49,0.000,0.000,0.000,0.000,0.000,0.000,0.000,1.200,5.938,7.610,4.127,0.001,2.823,0.337,0.057,55.0,13.0,55.0,13.0,0,11.5,1.1,1.0,6.7,0.0,17.2,28.7,21.2,24.6,20.4,11.1,11.0,15.8,13.9,16.0,14.4,15.4,14.4,6.6,6.4,7.1,7.9,6.9,8.9,4.8,6.2,5.0,7.5,5.2,61.8,4.9,8.2,77.5,78.7,71.3,77.7,74.3,76.3,73.2,76.1,37.7,37.3,38.1,1330.1,13.33,19,19,19,43,68,467,2,1,Yes,No,No,No,No,No,No,No,No,Yes,Yes,No,No,No,No,No,No,No,No,No,No,No,No,No,No,No,No,Yes,No,No,No,No,No,No,No,Yes,No,Yes,53.0,45,86.0,100.0,No,No,39866,57821,5.1,0.5,5.6,6.970,1.397,375226,350376,48,0.232,10.219,300.0,1064.0,6.9,6.2,0.0,1.4,7.0,0.0,0.0,0.0,0.0,5.0,1019,19298,1020,No,No,No,No,No,No,No,No,12.329,45.380,98.1,0.000,0.0,36.1,87.4,10.5,10.0,10.0,10.0,36.0,60.0,10.6,10.1,10.0,10.0,27.70,94.93,11.44,11.22,100.28,100.28,2.41,0.00,27.70,0.00,20.79,3349,331,35.5,15.2,0,0,0.0,0.0,0,
27.7.2026,17:8:29.384,19124,24071,44.2,15215,25420,37.4,20.4,2560,522,0.898,1.157,1.114,0.839,0.839,0.839,0.839,0.839,0.839,0.839,0.839,0.723,2015.1,4090.0,4090.0,1496.3,1496.3,1496.3,1496.3,1496.3,1496.3,1496.3,1496.3,99.8,897.8,238.4,395.3,453.7,464.9,238.2,90.7,90.2,78.4,263.1,202.3,188.3,232.9,162.8,259.3,11.6,13.3,17.0,14.3,8.6,7.0,5.5,5.0,17.7,13.3,12.4,15.2,10.2,17.7,11.6,100.0,9.8,16.0,17.9,18.7,9.6,3.9,4.0,3.5,10.8,8.4,8.1,9.5,6.8,9.8,20.2,41.0,41.0,15.0,15.0,15.0,15.0,15.0,15.0,15.0,15.0,9.0,52,50,49,51,51,52,52,53,53,53,53,48,50,51,49,49,48,48,47,47,47,47,52,53,No,No,No,No,No,No,No,No,No,No,No,No,No,No,No,No,No,No,No,No,No,No,Yes,Yes,Yes,Yes,Yes,Yes,Yes,Yes,Yes,Yes,Yes,No,No,Yes,53,52,48,0.000,0.000,0.000,0.000,0.000,0.000,0.000,1.200,15.625,10.226,6.411,0.039,3.009,0.412,0.057,55.0,13.0,55.0,13.0,0,14.4,0.0,0.0,0.0,0.0,11.1,13.1,15.4,14.2,7.7,5.4,5.4,4.8,17.2,13.2,12.3,15.0,10.0,2.3,5.4,4.9,1.0,2.8,1.6,4.9,0.7,0.1,1.1,0.7,68.9,4.7,3.3,91.0,89.2,90.8,75.4,82.9,83.4,81.6,87.1,60.5,57.1,64.0,1596.1,16.00,22,22,22,52,68,560,1,2,Yes,No,No,No,No,No,No,Yes,No,Yes,Yes,No,No,No,No,No,No,No,No,No,No,No,No,No,No,No,No,Yes,No,No,No,No,No,No,No,Yes,No,No,53.0,45,86.0,100.0,No,No,39866,57821,1.0,2.5,3.6,1.048,7.847,375228,350391,50,0.240,8.779,300.0,1330.0,7.9,6.6,0.0,1.7,8.5,0.0,0.0,0.0,0.0,5.2,1056,19261,1056,No,No,No,No,No,No,No,No,12.329,45.380,98.1,0.000,0.0,50.5,69.9,10.3,6.2,6.0,6.0,50.4,60.8,10.3,6.3,6.0,6.0,19.80,97.00,14.31,14.19,167.44,167.44,1.91,0.00,19.80,0.00,6.67,3349,332,52.5,12.2,0,0,0.0,0.0,0,
27.7.2026,17:8:31.376,19099,24096,44.2,15193,25442,37.3,20.4,2560,522,0.866,0.925,0.849,0.843,0.848,0.849,0.864,0.879,0.859,0.884,0.859,0.888,1815.6,2892.9,2693.4,1496.3,1496.3,1496.3,1496.3,1795.6,1496.3,1795.6,1496.3,99.8,2294.4,189.2,378.3,160.2,373.3,169.0,153.4,158.9,224.2,187.8,111.4,101.7,145.0,107.4,225.6,9.1,14.0,5.8,13.5,5.9,8.4,9.4,13.9,11.7,6.2,5.7,8.9,6.2,14.0,9.1,100.0,7.9,15.6,6.6,15.3,7.0,6.7,6.8,9.3,7.8,5.1,4.4,6.1,4.6,7.9,18.2,29.0,27.0,15.0,15.0,15.0,15.0,18.0,15.0,18.0,15.0,23.0,49,50,48,51,51,51,51,48,48,48,48,51,50,52,49,49,49,49,52,52,52,52,51,51,No,No,No,No,No,No,No,No,No,No,No,No,No,No,No,No,No,No,No,No,No,No,Yes,Yes,Yes,Yes,Yes,Yes,Yes,Yes,Yes,Yes,Yes,No,No,Yes,53,50,48,0.000,0.000,0.000,0.000,0.000,0.000,0.000,1.200,2.813,8.828,5.080,0.057,2.859,0.452,0.057,55.0,13.0,55.0,13.0,0,16.9,2.5,3.8,6.3,0.0,9.6,14.6,6.2,14.1,6.4,8.9,9.9,14.4,12.0,6.7,6.2,9.2,6.8,3.3,7.6,5.7,1.9,1.6,1.6,1.4,6.2,2.3,2.3,2.0,68.7,1.9,0.2,86.2,85.3,81.2,84.0,83.4,89.4,86.4,89.0,65.5,63.4,67.6,1330.1,13.33,19,19,19,43,68,467,2,1,Yes,No,No,No,No,No,No,Yes,No,Yes,Yes,No,No,No,No,No,No,No,No,No,No,No,No,No,No,No,No,Yes,No,No,No,No,No,No,No,Yes,No,No,53.0,45,86.0,100.0,No,No,39866,57821,3.9,0.4,4.3,4.490,1.568,375236,350394,48,0.230,7.105,300.0,1596.0,3.9,3.3,0.0,0.8,4.2,0.0,0.0,0.0,0.0,5.0,1017,19300,1017,No,No,No,No,No,No,No,No,12.328,45.380,98.1,0.000,0.0,56.7,61.8,32.1,29.7,29.5,29.5,56.7,60.5,32.6,30.2,30.0,30.0,17.62,31.20,16.19,16.17,33.92,33.92,0.90,0.00,17.62,0.00,1.18,3349,332,0.2,0.0,0,0,0.0,0.0,0,
27.7.2026,17:8:33.390,19051,24143,44.1,15175,25459,37.3,20.4,2560,522,0.998,1.195,1.195,1.160,1.170,1.156,0.816,0.821,0.821,0.821,0.821,0.723,2015.1,4090.0,4090.0,1496.3,1496.3,1496.3,1496.3,1496.3,1496.3,1496.3,1496.3,99.8,3491.5,232.9,284.2,273.6,447.9,138.6,121.7,178.9,297.7,125.5,221.0,275.9,167.4,262.5,233.5,12.5,11.5,10.4,16.7,5.6,7.6,11.2,19.2,7.9,14.2,18.0,10.9,17.1,19.2,12.5,100.0,9.7,11.7,11.2,18.3,5.9,5.5,8.1,12.1,5.4,9.1,11.2,6.9,10.7,9.7,20.2,41.0,41.0,15.0,15.0,15.0,15.0,15.0,15.0,15.0,15.0,35.0,52,58,48,54,54,54,54,49,49,49,49,48,42,52,46,46,46,46,51,51,51,51,58,58,No,No,No,No,No,No,No,No,No,No,No,No,No,No,No,No,No,No,No,No,No,No,Yes,Yes,Yes,Yes,Yes,Yes,Yes,Yes,Yes,Yes,Yes,No,No,Yes,53,50,48,0.000,0.000,0.000,0.000,0.000,0.000,0.000,1.200,8.438,7.065,3.536,0.023,2.800,0.374,0.057,55.0,13.0,55.0,13.0,0,11.6,0.7,2.5,2.3,0.0,12.4,11.4,10.3,16.7,5.6,7.4,11.3,18.9,7.6,14.1,17.6,10.7,16.7,2.7,11.9,8.4,0.6,2.5,2.8,0.0,0.0,0.0,0.4,0.0,66.7,0.0,1.3,88.3,80.2,76.2,90.2,82.9,79.7,86.7,81.0,60.4,60.7,60.2,1064.1,10.67,15,15,15,35,68,374,1,2,Yes,No,No,No,No,No,No,Yes,No,Yes,Yes,No,No,No,No,No,No,No,No,No,No,No,No,No,No,No,No,Yes,No,No,No,No,No,No,No,Yes,No,No,53.0,44,86.0,100.0,No,No,39866,57821,0.2,0.8,1.1,0.173,0.573,375237,350395,48,0.232,7.132,300.0,1330.0,1.9,1.1,0.0,0.5,2.3,0.0,0.0,0.0,0.0,4.9,995,19322,996,No,No,No,No,No,No,No,No,12.329,45.380,98.1,0.000,0.0,30.9,62.9,3.5,3.4,3.3,3.3,30.9,60.7,3.5,3.3,3.3,3.3,32.35,288.64,15.89,15.89,299.21,299.21,0.54,0.00,32.35,0.00,14.18,3349,332,10.6,3.9,0,0,0.0,0.0,0,
27.7.2026,17:8:35.406,18853,24342,43.6,14975,25660,36.8,20.4,2560,522,0.893,1.017,0.942,0.849,0.854,0.844,0.844,0.948,0.843,0.948,0.843,0.888,1965.2,3391.7,3391.7,1496.3,1496.3,1496.3,1496.3,2394.1,1496.3,1496.3,1496.3,99.8,897.8,146.7,231.6,298.3,293.4,145.0,118.2,135.4,129.4,101.0,93.4,58.9,64.8,90.5,181.5,7.7,9.1,13.0,13.4,6.9,7.8,9.1,8.6,6.7,5.7,3.2,3.6,5.3,13.4,7.7,100.0,6.3,9.5,12.2,12.2,6.1,5.3,6.5,5.6,4.5,4.1,2.8,3.0,3.9,6.3,19.7,34.0,34.0,15.0,15.0,15.0,15.0,24.0,15.0,15.0,15.0,9.0,48,50,47,50,50,50,50,47,47,47,47,52,50,53,50,50,50,50,53,53,53,53,50,50,No,No,No,No,No,No,No,No,No,No,No,No,No,No,No,No,No,No,No,No,No,No,No,No,No,No,No,No,No,No,No,No,No,No,No,No,53,49,49,0.000,0.000,0.000,0.000,0.000,0.000,0.000,1.200,4.063,7.158,3.712,0.004,2.683,0.398,0.057,55.0,13.0,55.0,13.0,0,23.9,0.6,4.0,4.6,0.0,8.0,9.2,13.6,13.5,6.9,7.9,9.5,8.5,6.6,6.4,3.9,4.3,6.0,1.5,1.9,3.3,0.8,2.2,0.7,0.7,2.0,0.8,1.1,1.1,71.3,0.0,0.0,87.8,81.6,88.3,90.4,88.9,92.7,92.4,90.7,69.4,70.2,68.7,1064.1,10.67,15,15,15,35,68,374,1,2,Yes,No,No,No,No,No,No,Yes,No,No,Yes,No,No,No,No,No,No,No,No,No,No,No,No,No,No,No,No,Yes,No,No,No,No,No,No,No,Yes,No,No,53.0,44,86.0,100.0,No,No,39866,57821,0.9,0.5,1.4,0.964,0.384,375238,350396,48,0.232,5.836,300.0,1064.0,1.8,1.0,0.0,0.4,2.1,0.0,0.0,0.0,0.0,4.7,946,19371,946,No,No,No,No,No,No,No,No,12.329,45.380,98.1,0.000,0.0,40.9,76.6,5.2,3.5,3.3,3.3,41.2,60.6,5.3,3.5,3.3,3.3,24.45,191.03,13.05,10.98,299.95,299.95,0.52,0.00,24.45,0.00,10.65,3349,332,0.5,0.6,0,0,0.0,0.0,0,
27.7.2026,17:8:37.414,18830,24365,43.5,14952,25683,36.7,20.4,2560,522,0.857,0.852,0.848,0.866,0.851,0.856,0.876,0.846,0.846,0.848,0.883,0.888,1735.8,1995.1,2094.9,1895.4,1496.3,1496.3,1895.4,1496.3,1496.3,1496.3,1995.1,99.8,1396.6,72.6,187.9,40.9,28.5,176.6,47.4,67.4,67.6,82.2,45.8,24.5,40.1,61.7,87.3,4.1,7.2,1.3,1.2,6.7,2.8,5.0,4.8,6.4,3.9,2.4,2.0,5.0,7.2,4.1,100.0,3.1,7.5,1.7,1.3,7.1,2.2,2.9,3.1,3.7,2.0,1.2,1.8,2.6,3.1,17.4,20.0,21.0,19.0,15.0,15.0,19.0,15.0,15.0,15.0,20.0,14.0,48,49,47,48,48,48,48,47,47,47,47,52,51,53,52,52,52,52,53,53,53,53,49,49,No,No,No,No,No,No,No,No,No,No,No,No,No,No,No,No,No,No,No,No,No,No,Yes,Yes,Yes,Yes,Yes,Yes,Yes,Yes,Yes,Yes,Yes,No,No,Yes,51,48,48,0.000,0.000,0.000,0.000,0.000,0.000,0.000,1.200,2.188,5.810,2.480,0.004,2.617,0.375,0.057,55.0,13.0,55.0,13.0,0,26.5,7.3,4.2,21.9,0.0,4.4,7.4,2.3,2.1,7.0,3.7,5.2,5.3,6.6,3.4,1.9,3.1,4.5,0.2,0.0,0.0,0.0,0.0,0.0,0.3,0.8,0.0,1.0,0.3,75.5,3.4,1.8,94.4,93.3,91.9,90.1,94.5,96.7,94.6,93.9,85.2,84.6,85.8,1463.1,14.67,21,21,21,47,68,514,1,2,Yes,No,No,No,No,No,No,No,No,Yes,Yes,No,No,No,No,No,No,No,No,No,No,No,No,No,No,No,No,Yes,No,No,No,No,No,No,No,Yes,No,No,52.0,43,86.0,100.0,No,No,39866,57821,0.1,0.7,0.9,0.089,0.333,375239,350397,48,0.232,3.858,300.0,1064.0,0.4,0.3,0.0,0.1,0.4,0.0,0.0,0.0,0.0,4.7,946,19371,946,No,No,No,No,No,No,No,No,12.327,45.380,98.1,0.000,0.0,40.9,76.6,5.2,3.5,3.3,3.3,41.2,60.6,5.3,3.5,3.3,3.3,24.45,191.03,13.05,10.98,299.95,299.95,0.52,0.00,24.45,0.00,10.65,3349,332,0.7,0.5,0,0,0.0,0.0,0,
Date,Time,"Virtual Memory Committed [MB]","Virtual Memory Available [MB]","Virtual Memory Load [%]","Physical Memory Used [MB]","Physical Memory Available [MB]","Physical Memory Load [%]","Page File Usage [%]","Page File Total [MB]","Page File Used [MB]","Core VIDs (avg) [V]","P-core 0 VID [V]","P-core 1 VID [V]","E-core 2 VID [V]","E-core 3 VID [V]","E-core 4 VID [V]","E-core 5 VID [V]","E-core 6 VID [V]","E-core 7 VID [V]","E-core 8 VID [V]","E-core 9 VID [V]","SA VID [V]","Core Clocks (avg) [MHz]","P-core 0 Clock [MHz]","P-core 1 Clock [MHz]","E-core 2 Clock [MHz]","E-core 3 Clock [MHz]","E-core 4 Clock [MHz]","E-core 5 Clock [MHz]","E-core 6 Clock [MHz]","E-core 7 Clock [MHz]","E-core 8 Clock [MHz]","E-core 9 Clock [MHz]","Bus Clock [MHz]","Ring/LLC Clock [MHz]","Core Effective Clocks (avg) [MHz]","P-core 0 T0 Effective Clock [MHz]","P-core 0 T1 Effective Clock [MHz]","P-core 1 T0 Effective Clock [MHz]","P-core 1 T1 Effective Clock [MHz]","E-core 2 T0 Effective Clock [MHz]","E-core 3 T0 Effective Clock [MHz]","E-core 4 T0 Effective Clock [MHz]","E-core 5 T0 Effective Clock [MHz]","E-core 6 T0 Effective Clock [MHz]","E-core 7 T0 Effective Clock [MHz]","E-core 8 T0 Effective Clock [MHz]","E-core 9 T0 Effective Clock [MHz]","Average Effective Clock [MHz]","Core Usage (avg) [%]","P-core 0 T0 Usage [%]","P-core 0 T1 Usage [%]","P-core 1 T0 Usage [%]","P-core 1 T1 Usage [%]","E-core 2 T0 Usage [%]","E-core 3 T0 Usage [%]","E-core 4 T0 Usage [%]","E-core 5 T0 Usage [%]","E-core 6 T0 Usage [%]","E-core 7 T0 Usage [%]","E-core 8 T0 Usage [%]","E-core 9 T0 Usage [%]","Max CPU/Thread Usage [%]","Total CPU Usage [%]","On-Demand Clock Modulation [%]","Core Utility (avg) [%]","P-core 0 T0 Utility [%]","P-core 0 T1 Utility [%]","P-core 1 T0 Utility [%]","P-core 1 T1 Utility [%]","E-core 2 T0 Utility [%]","E-core 3 T0 Utility [%]","E-core 4 T0 Utility [%]","E-core 5 T0 Utility [%]","E-core 6 T0 Utility [%]","E-core 7 T0 Utility [%]","E-core 8 T0 Utility [%]","E-core 9 T0 Utility [%]","Total CPU Utility [%]","Core Ratios (avg) [x]","P-core 0 Ratio [x]","P-core 1 Ratio [x]","E-core 2 Ratio [x]","E-core 3 Ratio [x]","E-core 4 Ratio [x]","E-core 5 Ratio [x]","E-core 6 Ratio [x]","E-core 7 Ratio [x]","E-core 8 Ratio [x]","E-core 9 Ratio [x]","Uncore Ratio [x]","Core Temperatures (avg) [°C]","P-core 0 [°C]","P-core 1 [°C]","E-core 2 [°C]","E-core 3 [°C]","E-core 4 [°C]","E-core 5 [°C]","E-core 6 [°C]","E-core 7 [°C]","E-core 8 [°C]","E-core 9 [°C]","Core Distance to TjMAX (avg) [°C]","P-core 0 Distance to TjMAX [°C]","P-core 1 Distance to TjMAX [°C]","E-core 2 Distance to TjMAX [°C]","E-core 3 Distance to TjMAX [°C]","E-core 4 Distance to TjMAX [°C]","E-core 5 Distance to TjMAX [°C]","E-core 6 Distance to TjMAX [°C]","E-core 7 Distance to TjMAX [°C]","E-core 8 Distance to TjMAX [°C]","E-core 9 Distance to TjMAX [°C]","CPU Package [°C]","Core Max [°C]","Core Thermal Throttling (avg) [Yes/No]","P-core 0 Thermal Throttling [Yes/No]","P-core 1 Thermal Throttling [Yes/No]","E-core 2 Thermal Throttling [Yes/No]","E-core 3 Thermal Throttling [Yes/No]","E-core 4 Thermal Throttling [Yes/No]","E-core 5 Thermal Throttling [Yes/No]","E-core 6 Thermal Throttling [Yes/No]","E-core 7 Thermal Throttling [Yes/No]","E-core 8 Thermal Throttling [Yes/No]","E-core 9 Thermal Throttling [Yes/No]","Core Critical Temperature (avg) [Yes/No]","P-core 0 Critical Temperature [Yes/No]","P-core 1 Critical Temperature [Yes/No]","E-core 2 Critical Temperature [Yes/No]","E-core 3 Critical Temperature [Yes/No]","E-core 4 Critical Temperature [Yes/No]","E-core 5 Critical Temperature [Yes/No]","E-core 6 Critical Temperature [Yes/No]","E-core 7 Critical Temperature [Yes/No]","E-core 8 Critical Temperature [Yes/No]","E-core 9 Critical Temperature [Yes/No]","Core Power Limit Exceeded (avg) [Yes/No]","P-core 0 Power Limit Exceeded [Yes/No]","P-core 1 Power Limit Exceeded [Yes/No]","E-core 2 Power Limit Exceeded [Yes/No]","E-core 3 Power Limit Exceeded [Yes/No]","E-core 4 Power Limit Exceeded [Yes/No]","E-core 5 Power Limit Exceeded [Yes/No]","E-core 6 Power Limit Exceeded [Yes/No]","E-core 7 Power Limit Exceeded [Yes/No]","E-core 8 Power Limit Exceeded [Yes/No]","E-core 9 Power Limit Exceeded [Yes/No]","Package/Ring Thermal Throttling [Yes/No]","Package/Ring Critical Temperature [Yes/No]","Package/Ring Power Limit Exceeded [Yes/No]","CPU Package [°C]","CPU IA Cores [°C]","CPU GT Cores (Graphics) [°C]","Voltage Offsets (avg) [V]","IA Voltage Offset [V]","GT Voltage Offset [V]","CLR (CBo/LLC/Ring) Voltage Offset [V]","GT Media Voltage Offset [V]","SA Voltage Offset [V]","L2 E-core Voltage Offset [V]","VDDQ TX Voltage [V]","VR VCC Current (SVID IOUT) [A]","CPU Package Power [W]","IA Cores Power [W]","GT Cores Power [W]","System Agent Power [W]","Rest-of-Chip Power [W]","PCH Power [W]","PL1 Power Limit (Static) [W]","PL1 Power Limit (Dynamic) [W]","PL2 Power Limit (Static) [W]","PL2 Power Limit (Dynamic) [W]","Current cTDP Level []","Package C2 Residency [%]","Package C3 Residency [%]","Package C6 Residency [%]","Package C8 Residency [%]","Package C10 Residency [%]","Core C0 Residency (avg) [%]","P-core 0 T0 C0 Residency [%]","P-core 0 T1 C0 Residency [%]","P-core 1 T0 C0 Residency [%]","P-core 1 T1 C0 Residency [%]","E-core 2 T0 C0 Residency [%]","E-core 3 T0 C0 Residency [%]","E-core 4 T0 C0 Residency [%]","E-core 5 T0 C0 Residency [%]","E-core 6 T0 C0 Residency [%]","E-core 7 T0 C0 Residency [%]","E-core 8 T0 C0 Residency [%]","E-core 9 T0 C0 Residency [%]","Core C1 Residency (avg) [%]","P-core 0 C1 Residency [%]","P-core 1 C1 Residency [%]","E-core 2 C1 Residency [%]","E-core 3 C1 Residency [%]","E-core 4 C1 Residency [%]","E-core 5 C1 Residency [%]","E-core 6 C1 Residency [%]","E-core 7 C1 Residency [%]","E-core 8 C1 Residency [%]","E-core 9 C1 Residency [%]","Core C6 Residency (avg) [%]","P-core 0 C6 Residency [%]","P-core 1 C6 Residency [%]","E-core 2 C6 Residency [%]","E-core 3 C6 Residency [%]","E-core 4 C6 Residency [%]","E-core 5 C6 Residency [%]","E-core 6 C6 Residency [%]","E-core 7 C6 Residency [%]","E-core 8 C6 Residency [%]","E-core 9 C6 Residency [%]","Core C7 Residency (avg) [%]","P-core 0 C7 Residency [%]","P-core 1 C7 Residency [%]","Memory Clock [MHz]","Memory Clock Ratio [x]","Tcas [T]","Trcd [T]","Trp [T]","Tras [T]","Trc [T]","Trfc [T]","Command Rate [T]","Gear Mode []","IA Limit Reasons (avg) [Yes/No]","IA: PROCHOT [Yes/No]","IA: Thermal Event [Yes/No]","IA: Residency State Regulation [Yes/No]","IA: Running Average Thermal Limit [Yes/No]","IA: VR Thermal Alert [Yes/No]","IA: VR TDC [Yes/No]","IA: Electrical Design Point/Other (ICCmax PL4 SVID DDR RAPL) [Yes/No]","IA: Package-Level RAPL/PBM PL1 [Yes/No]","IA: Package-Level RAPL/PBM PL2 PL3 [Yes/No]","IA: Max Turbo Limit [Yes/No]","IA: Turbo Attenuation (MCT) [Yes/No]","IA: Thermal Velocity Boost [Yes/No]","GT Limit Reasons (avg) [Yes/No]","GT: PROCHOT [Yes/No]","GT: Thermal Event [Yes/No]","GT: DDR RAPL [Yes/No]","GT: Residency State Regulation [Yes/No]","GT: Running Average Thermal Limit [Yes/No]","GT: VR Thermal Alert [Yes/No]","GT: VR TDC [Yes/No]","GT: Max VR Voltage  ICCmax  PL4 [Yes/No]","GT: Domain-Level PBM PLGT [Yes/No]","GT: Package-Level RAPL/PBM PL1 [Yes/No]","GT: Package-Level RAPL/PBM PL2 PL3 [Yes/No]","GT: Inefficient Operation [Yes/No]","GT: Fuses limit [Yes/No]","Ring Limit Reasons (avg) [Yes/No]","RING: PROCHOT [Yes/No]","RING: Thermal Event [Yes/No]","RING: DDR RAPL [Yes/No]","RING: Residency State Regulation [Yes/No]","RING: Running Average Thermal Limit [Yes/No]","RING: VR Thermal Alert [Yes/No]","RING: VR TDC [Yes/No]","RING: Max VR Voltage  ICCmax  PL4 [Yes/No]","RING: Package-Level RAPL/PBM PL1 [Yes/No]","RING: Package-Level RAPL/PBM PL2 PL3 [Yes/No]","PCH Temperature [°C]","Drive Temperature [°C]","Drive Remaining Life [%]","Drive Available Spare [%]","Drive Failure [Yes/No]","Drive Warning [Yes/No]","Total Host Writes [GB]","Total Host Reads [GB]","Read Activity [%]","Write Activity [%]","Total Activity [%]","Read Rate [MB/s]","Write Rate [MB/s]","Read Total [MB]","Write Total [MB]","GPU Core Temperature [°C]","iGPU VID [V]","IGPU Power [W]","GPU Clock [MHz]","GPU Memory Clock [MHz]","GPU Total Usage [%]","GPU Computing Usage [%]","GPU Media Engine Usage [%]","GPU D3D Utilizations (avg) [%]","GPU D3D Usage [%]","GPU Video Decode 0 Usage [%]","GPU Video Decode 1 Usage [%]","GPU Video Processing 0 Usage [%]","GPU Copy Engine Usage [%]","GPU Memory Usage [%]","GPU Memory Allocated [MB]","GPU Memory Available [MB]","GPU D3D Memory Dynamic [MB]","GPU Throttle Reasons (avg) [Yes/No]","Avg. Power (PL1) [Yes/No]","Burst Power (PL2) [Yes/No]","Current (PL4) [Yes/No]","Thermal [Yes/No]","Power Supply [Yes/No]","Software Limit [Yes/No]","Hardware Limit [Yes/No]","Battery Voltage [V]","Remaining Capacity [Wh]","Charge Level [%]","Charge Rate [W]","Wear Level [%]","Framerate Presented (avg) [FPS]","Framerate Presented (99%) [FPS]","Framerate Presented (1%) [FPS]","Framerate Presented (0.1%) [FPS]","Framerate Presented (1% low) [FPS]","Framerate Presented (0.1% low) [FPS]","Framerate Displayed (avg) [FPS]","Framerate Displayed (99%) [FPS]","Framerate Displayed (1%) [FPS]","Framerate Displayed (0.1%) [FPS]","Framerate Displayed (1% low) [FPS]","Framerate Displayed (0.1% low) [FPS]","Frame Time Presented (avg) [ms]","Frame Time Presented (99%) [ms]","Frame Time Presented (1%) [ms]","Frame Time Presented (0.1%) [ms]","Frame Time Displayed (1% high) [ms]","Frame Time Displayed (0.1% high) [ms]","GPU Busy (avg) [ms]","GPU Wait (avg) [ms]","CPU Busy (avg) [ms]","CPU Wait (avg) [ms]","Animation Error (avg) [ms]","Total DL [MB]","Total UP [MB]","Current DL rate [KB/s]","Current UP rate [KB/s]","Total DL [MB]","Total UP [MB]","Current DL rate [KB/s]","Current UP rate [KB/s]","Total Errors []",
,,System: LENOVO ThinkPad E15 Gen 4,System: LENOVO ThinkPad E15 Gen 4,System: LENOVO ThinkPad E15 Gen 4,System: LENOVO ThinkPad E15 Gen 4,System: LENOVO ThinkPad E15 Gen 4,System: LENOVO ThinkPad E15 Gen 4,System: LENOVO ThinkPad E15 Gen 4,System: LENOVO ThinkPad E15 Gen 4,System: LENOVO ThinkPad E15 Gen 4,CPU [#0]: Intel Core i7-1255U,CPU [#0]: Intel Core i7-1255U,CPU [#0]: Intel Core i7-1255U,CPU [#0]: Intel Core i7-1255U,CPU [#0]: Intel Core i7-1255U,CPU [#0]: Intel Core i7-1255U,CPU [#0]: Intel Core i7-1255U,CPU [#0]: Intel Core i7-1255U,CPU [#0]: Intel Core i7-1255U,CPU [#0]: Intel Core i7-1255U,CPU [#0]: Intel Core i7-1255U,CPU [#0]: Intel Core i7-1255U,CPU [#0]: Intel Core i7-1255U,CPU [#0]: Intel Core i7-1255U,CPU [#0]: Intel Core i7-1255U,CPU [#0]: Intel Core i7-1255U,CPU [#0]: Intel Core i7-1255U,CPU [#0]: Intel Core i7-1255U,CPU [#0]: Intel Core i7-1255U,CPU [#0]: Intel Core i7-1255U,CPU [#0]: Intel Core i7-1255U,CPU [#0]: Intel Core i7-1255U,CPU [#0]: Intel Core i7-1255U,CPU [#0]: Intel Core i7-1255U,CPU [#0]: Intel Core i7-1255U,CPU [#0]: Intel Core i7-1255U,CPU [#0]: Intel Core i7-1255U,CPU [#0]: Intel Core i7-1255U,CPU [#0]: Intel Core i7-1255U,CPU [#0]: Intel Core i7-1255U,CPU [#0]: Intel Core i7-1255U,CPU [#0]: Intel Core i7-1255U,CPU [#0]: Intel Core i7-1255U,CPU [#0]: Intel Core i7-1255U,CPU [#0]: Intel Core i7-1255U,CPU [#0]: Intel Core i7-1255U,CPU [#0]: Intel Core i7-1255U,CPU [#0]: Intel Core i7-1255U,CPU [#0]: Intel Core i7-1255U,CPU [#0]: Intel Core i7-1255U,CPU [#0]: Intel Core i7-1255U,CPU [#0]: Intel Core i7-1255U,CPU [#0]: Intel Core i7-1255U,CPU [#0]: Intel Core i7-1255U,CPU [#0]: Intel Core i7-1255U,CPU [#0]: Intel Core i7-1255U,CPU [#0]: Intel Core i7-1255U,CPU [#0]: Intel Core i7-1255U,CPU [#0]: Intel Core i7-1255U,CPU [#0]: Intel Core i7-1255U,CPU [#0]: Intel Core i7-1255U,CPU [#0]: Intel Core i7-1255U,CPU [#0]: Intel Core i7-1255U,CPU [#0]: Intel Core i7-1255U,CPU [#0]: Intel Core i7-1255U,CPU [#0]: Intel Core i7-1255U,CPU [#0]: Intel Core i7-1255U,CPU [#0]: Intel Core i7-1255U,CPU [#0]: Intel Core i7-1255U,CPU [#0]: Intel Core i7-1255U,CPU [#0]: Intel Core i7-1255U,CPU [#0]: Intel Core i7-1255U,CPU [#0]: Intel Core i7-1255U,CPU [#0]: Intel Core i7-1255U,CPU [#0]: Intel Core i7-1255U,CPU [#0]: Intel Core i7-1255U,CPU [#0]: Intel Core i7-1255U,CPU [#0]: Intel Core i7-1255U,CPU [#0]: Intel Core i7-1255U,CPU [#0]: Intel Core i7-1255U,CPU [#0]: Intel Core i7-1255U,CPU [#0]: Intel Core i7-1255U,CPU [#0]: Intel Core i7-1255U,CPU [#0]: Intel Core i7-1255U,CPU [#0]: Intel Core i7-1255U,CPU [#0]: Intel Core i7-1255U,CPU [#0]: Intel Core i7-1255U,CPU [#0]: Intel Core i7-1255U,CPU [#0]: Intel Core i7-1255U,CPU [#0]: Intel Core i7-1255U,CPU [#0]: Intel Core i7-1255U,CPU [#0]: Intel Core i7-1255U: DTS,CPU [#0]: Intel Core i7-1255U: DTS,CPU [#0]: Intel Core i7-1255U: DTS,CPU [#0]: Intel Core i7-1255U: DTS,CPU [#0]: Intel Core i7-1255U: DTS,CPU [#0]: Intel Core i7-1255U: DTS,CPU [#0]: Intel Core i7-1255U: DTS,CPU [#0]: Intel Core i7-1255U: DTS,CPU [#0]: Intel Core i7-1255U: DTS,CPU [#0]: Intel Core i7-1255U: DTS,CPU [#0]: Intel Core i7-1255U: DTS,CPU [#0]: Intel Core i7-1255U: DTS,CPU [#0]: Intel Core i7-1255U: DTS,CPU [#0]: Intel Core i7-1255U: DTS,CPU [#0]: Intel Core i7-1255U: DTS,CPU [#0]: Intel Core i7-1255U: DTS,CPU [#0]: Intel Core i7-1255U: DTS,CPU [#0]: Intel Core i7-1255U: DTS,CPU [#0]: Intel Core i7-1255U: DTS,CPU [#0]: Intel Core i7-1255U: DTS,CPU [#0]: Intel Core i7-1255U: DTS,CPU [#0]: Intel Core i7-1255U: DTS,CPU [#0]: Intel Core i7-1255U: DTS,CPU [#0]: Intel Core i7-1255U: DTS,CPU [#0]: Intel Core i7-1255U: DTS,CPU [#0]: Intel Core i7-1255U: DTS,CPU [#0]: Intel Core i7-1255U: DTS,CPU [#0]: Intel Core i7-1255U: DTS,CPU [#0]: Intel Core i7-1255U: DTS,CPU [#0]: Intel Core i7-1255U: DTS,CPU [#0]: Intel Core i7-1255U: DTS,CPU [#0]: Intel Core i7-1255U: DTS,CPU [#0]: Intel Core i7-1255U: DTS,CPU [#0]: Intel Core i7-1255U: DTS,CPU [#0]: Intel Core i7-1255U: DTS,CPU [#0]: Intel Core i7-1255U: DTS,CPU [#0]: Intel Core i7-1255U: DTS,CPU [#0]: Intel Core i7-1255U: DTS,CPU [#0]: Intel Core i7-1255U: DTS,CPU [#0]: Intel Core i7-1255U: DTS,CPU [#0]: Intel Core i7-1255U: DTS,CPU [#0]: Intel Core i7-1255U: DTS,CPU [#0]: Intel Core i7-1255U: DTS,CPU [#0]: Intel Core i7-1255U: DTS,CPU [#0]: Intel Core i7-1255U: DTS,CPU [#0]: Intel Core i7-1255U: DTS,CPU [#0]: Intel Core i7-1255U: DTS,CPU [#0]: Intel Core i7-1255U: DTS,CPU [#0]: Intel Core i7-1255U: DTS,CPU [#0]: Intel Core i7-1255U: DTS,CPU [#0]: Intel Core i7-1255U: DTS,CPU [#0]: Intel Core i7-1255U: DTS,CPU [#0]: Intel Core i7-1255U: DTS,CPU [#0]: Intel Core i7-1255U: DTS,CPU [#0]: Intel Core i7-1255U: DTS,CPU [#0]: Intel Core i7-1255U: DTS,CPU [#0]: Intel Core i7-1255U: DTS,CPU [#0]: Intel Core i7-1255U: DTS,CPU [#0]: Intel Core i7-1255U: DTS,CPU [#0]: Intel Core i7-1255U: DTS,CPU [#0]: Intel Core i7-1255U: Enhanced,CPU [#0]: Intel Core i7-1255U: Enhanced,CPU [#0]: Intel Core i7-1255U: Enhanced,CPU [#0]: Intel Core i7-1255U: Enhanced,CPU [#0]: Intel Core i7-1255U: Enhanced,CPU [#0]: Intel Core i7-1255U: Enhanced,CPU [#0]: Intel Core i7-1255U: Enhanced,CPU [#0]: Intel Core i7-1255U: Enhanced,CPU [#0]: Intel Core i7-1255U: Enhanced,CPU [#0]: Intel Core i7-1255U: Enhanced,CPU [#0]: Intel Core i7-1255U: Enhanced,CPU [#0]: Intel Core i7-1255U: Enhanced,CPU [#0]: Intel Core i7-1255U: Enhanced,CPU [#0]: Intel Core i7-1255U: Enhanced,CPU [#0]: Intel Core i7-1255U: Enhanced,CPU [#0]: Intel Core i7-1255U: Enhanced,CPU [#0]: Intel Core i7-1255U: Enhanced,CPU [#0]: Intel Core i7-1255U: Enhanced,CPU [#0]: Intel Core i7-1255U: Enhanced,CPU [#0]: Intel Core i7-1255U: Enhanced,CPU [#0]: Intel Core i7-1255U: Enhanced,CPU [#0]: Intel Core i7-1255U: Enhanced,CPU [#0]: Intel Core i7-1255U: Enhanced,CPU [#0]: Intel Core i7-1255U: C-State Residency,CPU [#0]: Intel Core i7-1255U: C-State Residency,CPU [#0]: Intel Core i7-1255U: C-State Residency,CPU [#0]: Intel Core i7-1255U: C-State Residency,CPU [#0]: Intel Core i7-1255U: C-State Residency,CPU [#0]: Intel Core i7-1255U: C-State Residency,CPU [#0]: Intel Core i7-1255U: C-State Residency,CPU [#0]: Intel Core i7-1255U: C-State Residency,CPU [#0]: Intel Core i7-1255U: C-State Residency,CPU [#0]: Intel Core i7-1255U: C-State Residency,CPU [#0]: Intel Core i7-1255U: C-State Residency,CPU [#0]: Intel Core i7-1255U: C-State Residency,CPU [#0]: Intel Core i7-1255U: C-State Residency,CPU [#0]: Intel Core i7-1255U: C-State Residency,CPU [#0]: Intel Core i7-1255U: C-State Residency,CPU [#0]: Intel Core i7-1255U: C-State Residency,CPU [#0]: Intel Core i7-1255U: C-State Residency,CPU [#0]: Intel Core i7-1255U: C-State Residency,CPU [#0]: Intel Core i7-1255U: C-State Residency,CPU [#0]: Intel Core i7-1255U: C-State Residency,CPU [#0]: Intel Core i7-1255U: C-State Residency,CPU [#0]: Intel Core i7-1255U: C-State Residency,CPU [#0]: Intel Core i7-1255U: C-State Residency,CPU [#0]: Intel Core i7-1255U: C-State Residency,CPU [#0]: Intel Core i7-1255U: C-State Residency,CPU [#0]: Intel Core i7-1255U: C-State Residency,CPU [#0]: Intel Core i7-1255U: C-State Residency,CPU [#0]: Intel Core i7-1255U: C-State Residency,CPU [#0]: Intel Core i7-1255U: C-State Residency,CPU [#0]: Intel Core i7-1255U: C-State Residency,CPU [#0]: Intel Core i7-1255U: C-State Residency,CPU [#0]: Intel Core i7-1255U: C-State Residency,CPU [#0]: Intel Core i7-1255U: C-State Residency,CPU [#0]: Intel Core i7-1255U: C-State Residency,CPU [#0]: Intel Core i7-1255U: C-State Residency,CPU [#0]: Intel Core i7-1255U: C-State Residency,CPU [#0]: Intel Core i7-1255U: C-State Residency,CPU [#0]: Intel Core i7-1255U: C-State Residency,CPU [#0]: Intel Core i7-1255U: C-State Residency,CPU [#0]: Intel Core i7-1255U: C-State Residency,CPU [#0]: Intel Core i7-1255U: C-State Residency,CPU [#0]: Intel Core i7-1255U: C-State Residency,CPU [#0]: Intel Core i7-1255U: C-State Residency,Memory Timings,Memory Timings,Memory Timings,Memory Timings,Memory Timings,Memory Timings,Memory Timings,Memory Timings,Memory Timings,Memory Timings,CPU [#0]: Intel Core i7-1255U: Performance Limit Reasons,CPU [#0]: Intel Core i7-1255U: Performance Limit Reasons,CPU [#0]: Intel Core i7-1255U: Performance Limit Reasons,CPU [#0]: Intel Core i7-1255U: Performance Limit Reasons,CPU [#0]: Intel Core i7-1255U: Performance Limit Reasons,CPU [#0]: Intel Core i7-1255U: Performance Limit Reasons,CPU [#0]: Intel Core i7-1255U: Performance Limit Reasons,CPU [#0]: Intel Core i7-1255U: Performance Limit Reasons,CPU [#0]: Intel Core i7-1255U: Performance Limit Reasons,CPU [#0]: Intel Core i7-1255U: Performance Limit Reasons,CPU [#0]: Intel Core i7-1255U: Performance Limit Reasons,CPU [#0]: Intel Core i7-1255U: Performance Limit Reasons,CPU [#0]: Intel Core i7-1255U: Performance Limit Reasons,CPU [#0]: Intel Core i7-1255U: Performance Limit Reasons,CPU [#0]: Intel Core i7-1255U: Performance Limit Reasons,CPU [#0]: Intel Core i7-1255U: Performance Limit Reasons,CPU [#0]: Intel Core i7-1255U: Performance Limit Reasons,CPU [#0]: Intel Core i7-1255U: Performance Limit Reasons,CPU [#0]: Intel Core i7-1255U: Performance Limit Reasons,CPU [#0]: Intel Core i7-1255U: Performance Limit Reasons,CPU [#0]: Intel Core i7-1255U: Performance Limit Reasons,CPU [#0]: Intel Core i7-1255U: Performance Limit Reasons,CPU [#0]: Intel Core i7-1255U: Performance Limit Reasons,CPU [#0]: Intel Core i7-1255U: Performance Limit Reasons,CPU [#0]: Intel Core i7-1255U: Performance Limit Reasons,CPU [#0]: Intel Core i7-1255U: Performance Limit Reasons,CPU [#0]: Intel Core i7-1255U: Performance Limit Reasons,CPU [#0]: Intel Core i7-1255U: Performance Limit Reasons,CPU [#0]: Intel Core i7-1255U: Performance Limit Reasons,CPU [#0]: Intel Core i7-1255U: Performance Limit Reasons,CPU [#0]: Intel Core i7-1255U: Performance Limit Reasons,CPU [#0]: Intel Core i7-1255U: Performance Limit Reasons,CPU [#0]: Intel Core i7-1255U: Performance Limit Reasons,CPU [#0]: Intel Core i7-1255U: Performance Limit Reasons,CPU [#0]: Intel Core i7-1255U: Performance Limit Reasons,CPU [#0]: Intel Core i7-1255U: Performance Limit Reasons,CPU [#0]: Intel Core i7-1255U: Performance Limit Reasons,CPU [#0]: Intel Core i7-1255U: Performance Limit Reasons,LENOVO 21E6008CGP (Intel PCH),S.M.A.R.T.: UMIS RPJTJ512MGE1QDQ (SS0L25210X8RC25E113V) [C:],S.M.A.R.T.: UMIS RPJTJ512MGE1QDQ (SS0L25210X8RC25E113V) [C:],S.M.A.R.T.: UMIS RPJTJ512MGE1QDQ (SS0L25210X8RC25E113V) [C:],S.M.A.R.T.: UMIS RPJTJ512MGE1QDQ (SS0L25210X8RC25E113V) [C:],S.M.A.R.T.: UMIS RPJTJ512MGE1QDQ (SS0L25210X8RC25E113V) [C:],S.M.A.R.T.: UMIS RPJTJ512MGE1QDQ (SS0L25210X8RC25E113V) [C:],S.M.A.R.T.: UMIS RPJTJ512MGE1QDQ (SS0L25210X8RC25E113V) [C:],Drive: UMIS RPJTJ512MGE1QDQ (SS0L25210X8RC25E113V) [C:],Drive: UMIS RPJTJ512MGE1QDQ (SS0L25210X8RC25E113V) [C:],Drive: UMIS RPJTJ512MGE1QDQ (SS0L25210X8RC25E113V) [C:],Drive: UMIS RPJTJ512MGE1QDQ (SS0L25210X8RC25E113V) [C:],Drive: UMIS RPJTJ512MGE1QDQ (SS0L25210X8RC25E113V) [C:],Drive: UMIS RPJTJ512MGE1QDQ (SS0L25210X8RC25E113V) [C:],Drive: UMIS RPJTJ512MGE1QDQ (SS0L25210X8RC25E113V) [C:],iGPU [#0]: Intel Iris Xe Graphics,iGPU [#0]: Intel Iris Xe Graphics,iGPU [#0]: Intel Iris Xe Graphics,iGPU [#0]: Intel Iris Xe Graphics,iGPU [#0]: Intel Iris Xe Graphics,iGPU [#0]: Intel Iris Xe Graphics,iGPU [#0]: Intel Iris Xe Graphics,iGPU [#0]: Intel Iris Xe Graphics,iGPU [#0]: Intel Iris Xe Graphics,iGPU [#0]: Intel Iris Xe Graphics,iGPU [#0]: Intel Iris Xe Graphics,iGPU [#0]: Intel Iris Xe Graphics,iGPU [#0]: Intel Iris Xe Graphics,iGPU [#0]: Intel Iris Xe Graphics,iGPU [#0]: Intel Iris Xe Graphics,iGPU [#0]: Intel Iris Xe Graphics,iGPU [#0]: Intel Iris Xe Graphics,iGPU [#0]: Intel Iris Xe Graphics,iGPU [#0]: Intel Iris Xe Graphics,iGPU [#0]: Intel Iris Xe Graphics,iGPU [#0]: Intel Iris Xe Graphics,iGPU [#0]: Intel Iris Xe Graphics,iGPU [#0]: Intel Iris Xe Graphics,iGPU [#0]: Intel Iris Xe Graphics,iGPU [#0]: Intel Iris Xe Graphics,iGPU [#0]: Intel Iris Xe Graphics,Battery: LGC LNV-5B10X02603,Battery: LGC LNV-5B10X02603,Battery: LGC LNV-5B10X02603,Battery: LGC LNV-5B10X02603,Battery: LGC LNV-5B10X02603,PresentMon [dwm.exe],PresentMon [dwm.exe],PresentMon [dwm.exe],PresentMon [dwm.exe],PresentMon [dwm.exe],PresentMon [dwm.exe],PresentMon [dwm.exe],PresentMon [dwm.exe],PresentMon [dwm.exe],PresentMon [dwm.exe],PresentMon [dwm.exe],PresentMon [dwm.exe],PresentMon [dwm.exe],PresentMon [dwm.exe],PresentMon [dwm.exe],PresentMon [dwm.exe],PresentMon [dwm.exe],PresentMon [dwm.exe],PresentMon [dwm.exe],PresentMon [dwm.exe],PresentMon [dwm.exe],PresentMon [dwm.exe],PresentMon [dwm.exe],Network: Intel Wi-Fi 6E AX211 160MHz - Wi-Fi,Network: Intel Wi-Fi 6E AX211 160MHz - Wi-Fi,Network: Intel Wi-Fi 6E AX211 160MHz - Wi-Fi,Network: Intel Wi-Fi 6E AX211 160MHz - Wi-Fi,Network: Intel Alder Lake PCH - I219-V GbE Controller - Ethernet,Network: Intel Alder Lake PCH - I219-V GbE Controller - Ethernet,Network: Intel Alder Lake PCH - I219-V GbE Controller - Ethernet,Network: Intel Alder Lake PCH - I219-V GbE Controller - Ethernet,Windows Hardware Errors (WHEA),
